-- phpMyAdmin SQL Dump
-- version 4.7.9
-- https://www.phpmyadmin.net/
--
-- Host: 127.0.0.1
-- Generation Time: Mar 26, 2019 at 08:15 PM
-- Server version: 10.1.31-MariaDB
-- PHP Version: 7.2.3

SET SQL_MODE = "NO_AUTO_VALUE_ON_ZERO";
SET AUTOCOMMIT = 0;
START TRANSACTION;
SET time_zone = "+00:00";


/*!40101 SET @OLD_CHARACTER_SET_CLIENT=@@CHARACTER_SET_CLIENT */;
/*!40101 SET @OLD_CHARACTER_SET_RESULTS=@@CHARACTER_SET_RESULTS */;
/*!40101 SET @OLD_COLLATION_CONNECTION=@@COLLATION_CONNECTION */;
/*!40101 SET NAMES utf8mb4 */;

--
-- Database: `myonlinelawyer`
--

-- --------------------------------------------------------

--
-- Table structure for table `adv_profile`
--

CREATE TABLE `adv_profile` (
  `id` int(10) NOT NULL,
  `addr` varchar(200) NOT NULL,
  `pcity` varchar(100) NOT NULL,
  `area` varchar(20) NOT NULL,
  `pin` varchar(10) NOT NULL,
  `edudetails` varchar(100) NOT NULL,
  `exp` int(10) NOT NULL,
  `spec` varchar(100) NOT NULL,
  `lang` varchar(100) NOT NULL,
  `bcno` varchar(30) NOT NULL
) ENGINE=InnoDB DEFAULT CHARSET=latin1;

--
-- Dumping data for table `adv_profile`
--

INSERT INTO `adv_profile` (`id`, `addr`, `pcity`, `area`, `pin`, `edudetails`, `exp`, `spec`, `lang`, `bcno`) VALUES
(16, 'Citylight, Surat                                ', 'Surat', 'Athwa', '395006', 'B.S. in Business Administration', 3, 'Criminal Justice', 'Hindi,English,Gujarati', 'BC1254'),
(19, 'VIT,Chennai	\r\n                                ', 'Chennai', 'Mambakkam', '600157', 'B.S. in Business Administration', 5, 'Criminal ', 'Gujarati,Hindi,English', 'BC2548'),
(20, 'asdfgtrewq	\r\n                                ', 'Indore', 'qwerty', '6523104', 'B.S. in Business Administration', 9, 'Business Administration', 'Hindi,English', 'BC4526'),
(21, 'zxcvfdsa	\r\n                                ', 'Lucknow', 'qwedsa', '963258', 'B.S. in Arts', 6, 'Criminal Justice', 'Hindi,English', 'BC1245');

-- --------------------------------------------------------

--
-- Table structure for table `ans_like_details`
--

CREATE TABLE `ans_like_details` (
  `id` int(11) NOT NULL,
  `a_id` int(11) NOT NULL,
  `user_id` int(11) NOT NULL
) ENGINE=InnoDB DEFAULT CHARSET=utf8;

--
-- Dumping data for table `ans_like_details`
--

INSERT INTO `ans_like_details` (`id`, `a_id`, `user_id`) VALUES
(1, 1, 15),
(2, 2, 15),
(3, 3, 15),
(4, 4, 15),
(5, 5, 15),
(6, 6, 15);

-- --------------------------------------------------------

--
-- Table structure for table `biding`
--

CREATE TABLE `biding` (
  `id` int(10) NOT NULL,
  `user_id` int(10) NOT NULL,
  `title` varchar(100) NOT NULL,
  `description` varchar(500) NOT NULL,
  `category` varchar(70) NOT NULL,
  `budget` varchar(20) NOT NULL,
  `location` varchar(80) NOT NULL,
  `posted_on` datetime NOT NULL,
  `status` int(1) NOT NULL DEFAULT '0'
) ENGINE=InnoDB DEFAULT CHARSET=utf8;

--
-- Dumping data for table `biding`
--

INSERT INTO `biding` (`id`, `user_id`, `title`, `description`, `category`, `budget`, `location`, `posted_on`, `status`) VALUES
(17, 21, 'PS 1', 'I have Doubt?', 'Banking', '1000-1500', 'Chennai', '2019-03-26 12:38:30', 1),
(20, 21, 'dsdds', 'dsfdsfsdffs', 'Information Technology', 'sdfsdfdsf', 'dsfsdfdsf', '2019-03-26 14:19:20', 0),
(21, 21, 'dssdfsdf', 'asdadasdadasd', 'Civil', '1000-1500', 'dssdsad', '2019-03-26 14:22:13', 0);

-- --------------------------------------------------------

--
-- Table structure for table `bid_made`
--

CREATE TABLE `bid_made` (
  `id` int(10) NOT NULL,
  `bid_id` int(10) NOT NULL,
  `user_id` int(10) NOT NULL,
  `price` int(50) NOT NULL,
  `status` int(1) NOT NULL DEFAULT '0'
) ENGINE=InnoDB DEFAULT CHARSET=utf8;

--
-- Dumping data for table `bid_made`
--

INSERT INTO `bid_made` (`id`, `bid_id`, `user_id`, `price`, `status`) VALUES
(4, 17, 20, 1200, 1),
(5, 20, 20, 2000, 1),
(6, 21, 20, 1500, 0),
(7, 21, 21, 1500, 0),
(8, 20, 21, 1000, 0);

-- --------------------------------------------------------

--
-- Table structure for table `binding_ref_file`
--

CREATE TABLE `binding_ref_file` (
  `id` int(10) NOT NULL,
  `bid_id` int(10) NOT NULL,
  `file_name` varchar(100) NOT NULL
) ENGINE=InnoDB DEFAULT CHARSET=utf8;

--
-- Dumping data for table `binding_ref_file`
--

INSERT INTO `binding_ref_file` (`id`, `bid_id`, `file_name`) VALUES
(15, 17, 'imageHex.txt'),
(16, 17, 'requirements.txt'),
(17, 20, 'hostel3rd.pdf'),
(18, 21, 'gurumahraj.jpg'),
(19, 21, 'hostel3rd.pdf'),
(20, 21, 'requirements.txt');

-- --------------------------------------------------------

--
-- Table structure for table `chat_message`
--

CREATE TABLE `chat_message` (
  `id` int(10) NOT NULL,
  `to_user_id` int(10) NOT NULL,
  `from_user_id` int(10) NOT NULL,
  `chat_message` varchar(300) NOT NULL,
  `timestamp` timestamp NOT NULL DEFAULT CURRENT_TIMESTAMP,
  `status` int(1) NOT NULL
) ENGINE=InnoDB DEFAULT CHARSET=utf8;

-- --------------------------------------------------------

--
-- Table structure for table `images`
--

CREATE TABLE `images` (
  `id` int(10) NOT NULL,
  `profileid` int(11) NOT NULL,
  `image` longtext NOT NULL
) ENGINE=InnoDB DEFAULT CHARSET=latin1;

--
-- Dumping data for table `images`
--

INSERT INTO `images` (`id`, `profileid`, `image`) VALUES
(1, 19, 'data:image/jpg;base64,/9j/4AAQSkZJRgABAQEASABIAAD/4QHuRXhpZgAATU0AKgAAAAgABgEOAAIAAAB5AAABbAESAAMAAAABAAEAAAExAAIAAAAgAAAAnAEyAAIAAAAUAAAAvAE7AAIAAAAOAAAA0IdpAAQAAAABAAAA3gAAAABBZHZvY2F0ZSwgTGF3eWVyLCBIdW1hbiwgQXZhdGFyLCBMYXcgUGVyc29uIFZlY3RvciBJY29uIGlsbHVzdHJhdGlvbgAAQWRvYmUgSWxsdXN0cmF0b3IgQ1M2IChXaW5kb3dzKQAyMDE2OjExOjI0IDA3OjI0OjQzAFR1a1R1ayBEZXNpZ24AAAKQAAAHAAAABDAyMjGgAQADAAAAAf//AAAAAAAATGF3eWVyIGljb24gdmVjdG9yIG1hbGUgdXNlciBwZXJzb24gcHJvZmlsZSBhdmF0YXIgc3ltYm9sIGZvciBsYXcgaW4gZmxhdCBjb2xvciAKZ2x5cGggcGljdG9ncmFtIGlsbHVzdHJhdGlvbgBuAExhd3llciBpY29uIHZlY3RvciBtYWxlIHVzZXIgcGVyc29uIHByb2ZpbGUgYXZhdGFyIHN5bWJvbCBmb3IgbGF3IGFuZCBqdXN0aWNlIGluIGZsYXQgY29sb3IgZ2x5cGggcGljdG9ncmFtIGlsbHVzdHJhdGlvbgAA/+FVcGh0dHA6Ly9ucy5hZG9iZS5jb20veGFwLzEuMC8APD94cGFja2V0IGJlZ2luPSLvu78iIGlkPSJXNU0wTXBDZWhpSHpyZVN6TlRjemtjOWQiPz4gPHg6eG1wbWV0YSB4bWxuczp4PSJhZG9iZTpuczptZXRhLyIgeDp4bXB0az0iWE1QIENvcmUgNC40LjAtRXhpdjIiPiA8cmRmOlJERiB4bWxuczpyZGY9Imh0dHA6Ly93d3cudzMub3JnLzE5OTkvMDIvMjItcmRmLXN5bnRheC1ucyMiPiA8cmRmOkRlc2NyaXB0aW9uIHJkZjphYm91dD0iIiB4bWxuczpkYz0iaHR0cDovL3B1cmwub3JnL2RjL2VsZW1lbnRzLzEuMS8iIHhtbG5zOnhtcD0iaHR0cDovL25zLmFkb2JlLmNvbS94YXAvMS4wLyIgeG1sbnM6eG1wR0ltZz0iaHR0cDovL25zLmFkb2JlLmNvbS94YXAvMS4wL2cvaW1nLyIgeG1sbnM6eG1wTU09Imh0dHA6Ly9ucy5hZG9iZS5jb20veGFwLzEuMC9tbS8iIHhtbG5zOnN0UmVmPSJodHRwOi8vbnMuYWRvYmUuY29tL3hhcC8xLjAvc1R5cGUvUmVzb3VyY2VSZWYjIiB4bWxuczpzdEV2dD0iaHR0cDovL25zLmFkb2JlLmNvbS94YXAvMS4wL3NUeXBlL1Jlc291cmNlRXZlbnQjIiB4bWxuczppbGx1c3RyYXRvcj0iaHR0cDovL25zLmFkb2JlLmNvbS9pbGx1c3RyYXRvci8xLjAvIiB4bWxuczpwZGY9Imh0dHA6Ly9ucy5hZG9iZS5jb20vcGRmLzEuMy8iIHhtbG5zOnBob3Rvc2hvcD0iaHR0cDovL25zLmFkb2JlLmNvbS9waG90b3Nob3AvMS4wLyIgeG1sbnM6eG1wUmlnaHRzPSJodHRwOi8vbnMuYWRvYmUuY29tL3hhcC8xLjAvcmlnaHRzLyIgZGM6Zm9ybWF0PSJpbWFnZS9qcGVnIiB4bXA6TWV0YWRhdGFEYXRlPSIyMDE4LTA1LTE4VDE4OjU5OjU4KzA1OjMwIiB4bXA6TW9kaWZ5RGF0ZT0iMjAxNi0xMS0yNFQwNzoyNDo0M1oiIHhtcDpDcmVhdGVEYXRlPSIyMDE2LTExLTI0VDEyOjU0OjQzKzA1OjMwIiB4bXA6Q3JlYXRvclRvb2w9IkFkb2JlIElsbHVzdHJhdG9yIENTNiAoV2luZG93cykiIHhtcDpSYXRpbmc9IjUiIHhtcE1NOkluc3RhbmNlSUQ9InhtcC5paWQ6NkZFRDMwNEU5RjVBRTgxMTgzRkNERDNGMEQ2MTY2QjQiIHhtcE1NOkRvY3VtZW50SUQ9InhtcC5kaWQ6NjQ1MkFCMDgxN0IyRTYxMUI4NDNBMTIyMThBRDA4OUEiIHhtcE1NOk9yaWdpbmFsRG9jdW1lbnRJRD0idXVpZDo1RDIwODkyNDkzQkZEQjExOTE0QTg1OTBEMzE1MDhDOCIgeG1wTU06UmVuZGl0aW9uQ2xhc3M9InByb29mOnBkZiIgaWxsdXN0cmF0b3I6U3RhcnR1cFByb2ZpbGU9IlByaW50IiBwZGY6UHJvZHVjZXI9IkFkb2JlIFBERiBsaWJyYXJ5IDEwLjAxIiBwaG90b3Nob3A6QXV0aG9yc1Bvc2l0aW9uPSJWZWN0b3IgQXJ0aXN0IiBwaG90b3Nob3A6Q2FwdGlvbldyaXRlcj0iVHVrVHVrIERlc2lnbiIgeG1wUmlnaHRzOk1hcmtlZD0iVHJ1ZSIgeG1wUmlnaHRzOldlYlN0YXRlbWVudD0iaHR0cDovL3d3dy50dWt0dWtkZXNpZ24uY29tIj4gPGRjOnRpdGxlPiA8cmRmOkFsdD4gPHJkZjpsaSB4bWw6bGFuZz0ieC1kZWZhdWx0Ij5MYXd5ZXIgaWNvbiB2ZWN0b3IgbWFsZSB1c2VyIHBlcnNvbiBwcm9maWxlIGF2YXRhciBzeW1ib2wgZm9yIGxhdyBhbmQganVzdGljZSBpbiBmbGF0IGNvbG9yIGdseXBoIHBpY3RvZ3JhbSBpbGx1c3RyYXRpb248L3JkZjpsaT4gPC9yZGY6QWx0PiA8L2RjOnRpdGxlPiA8ZGM6Y3JlYXRvcj4gPHJkZjpTZXE+IDxyZGY6bGk+VmVjdG9yU3RvY2suY29tLzIwOTA1MDI3PC9yZGY6bGk+IDwvcmRmOlNlcT4gPC9kYzpjcmVhdG9yPiA8ZGM6ZGVzY3JpcHRpb24+IDxyZGY6QWx0PiA8cmRmOmxpIHhtbDpsYW5nPSJ4LWRlZmF1bHQiPkxhd3llciBpY29uIHZlY3RvciBtYWxlIHVzZXIgcGVyc29uIHByb2ZpbGUgYXZhdGFyIHN5bWJvbCBmb3IgbGF3IGFuZCBqdXN0aWNlIGluIGZsYXQgY29sb3IgZ2x5cGggcGljdG9ncmFtIGlsbHVzdHJhdGlvbjwvcmRmOmxpPiA8L3JkZjpBbHQ+IDwvZGM6ZGVzY3JpcHRpb24+IDxkYzpzdWJqZWN0PiA8cmRmOkJhZz4gPHJkZjpsaT5CdXNpbmVzczwvcmRmOmxpPiA8cmRmOmxpPlVzZXI8L3JkZjpsaT4gPHJkZjpsaT5JY29uPC9yZGY6bGk+IDxyZGY6bGk+UGVyc29uPC9yZGY6bGk+IDxyZGY6bGk+UGVvcGxlPC9yZGY6bGk+IDxyZGY6bGk+UHJvZmlsZTwvcmRmOmxpPiA8cmRmOmxpPkFjY291bnQ8L3JkZjpsaT4gPHJkZjpsaT5IdW1hbjwvcmRmOmxpPiA8cmRmOmxpPkF2YXRhcjwvcmRmOmxpPiA8cmRmOmxpPk1hbjwvcmRmOmxpPiA8cmRmOmxpPkJ1c2luZXNzbWFuPC9yZGY6bGk+IDxyZGY6bGk+TWFsZTwvcmRmOmxpPiA8cmRmOmxpPkJveTwvcmRmOmxpPiA8cmRmOmxpPlZlY3RvcjwvcmRmOmxpPiA8cmRmOmxpPklsbHVzdHJhdGlvbjwvcmRmOmxpPiA8cmRmOmxpPkdseXBoPC9yZGY6bGk+IDxyZGY6bGk+UGljdG9ncmFtPC9yZGY6bGk+IDxyZGY6bGk+U3ltYm9sPC9yZGY6bGk+IDxyZGY6bGk+R3JhcGhpYzwvcmRmOmxpPiA8cmRmOmxpPlNpZ248L3JkZjpsaT4gPHJkZjpsaT5JbmZvZ3JhcGhpYzwvcmRmOmxpPiA8cmRmOmxpPkRlc2lnbjwvcmRmOmxpPiA8cmRmOmxpPkFydDwvcmRmOmxpPiA8cmRmOmxpPkJsYWNrPC9yZGY6bGk+IDxyZGY6bGk+V2ViPC9yZGY6bGk+IDxyZGY6bGk+VXNlciBJbnRlcmZhY2U8L3JkZjpsaT4gPHJkZjpsaT5GbGF0IEljb248L3JkZjpsaT4gPHJkZjpsaT5DbGlwIEFydDwvcmRmOmxpPiA8cmRmOmxpPkNsaWVudDwvcmRmOmxpPiA8cmRmOmxpPkFkdm9jYXRlPC9yZGY6bGk+IDxyZGY6bGk+TGF3eWVyPC9yZGY6bGk+IDxyZGY6bGk+TGF3PC9yZGY6bGk+IDxyZGY6bGk+QXR0b3JuZXk8L3JkZjpsaT4gPHJkZjpsaT5Db3Vuc2Vsb3I8L3JkZjpsaT4gPHJkZjpsaT5MZWdhbDwvcmRmOmxpPiA8cmRmOmxpPlByYWN0aXRpb25lcjwvcmRmOmxpPiA8cmRmOmxpPlJlcHJlc2VudGF0aXZlPC9yZGY6bGk+IDxyZGY6bGk+UHJvZmVzc2lvbmFsPC9yZGY6bGk+IDxyZGY6bGk+QWR2aXNlcjwvcmRmOmxpPiA8cmRmOmxpPkJhcjwvcmRmOmxpPiA8cmRmOmxpPkNvdW5jaWw8L3JkZjpsaT4gPHJkZjpsaT5SdWxlPC9yZGY6bGk+IDxyZGY6bGk+QmFycmlzdGVyPC9yZGY6bGk+IDxyZGY6bGk+Q291bnNlbG9yPC9yZGY6bGk+IDxyZGY6bGk+U29saWNpdG9yPC9yZGY6bGk+IDxyZGY6bGk+Q291cnQ8L3JkZjpsaT4gPHJkZjpsaT5KdWRnZTwvcmRmOmxpPiA8cmRmOmxpPkp1c3RpY2U8L3JkZjpsaT4gPHJkZjpsaT5QbGVhZGVyPC9yZGY6bGk+IDxyZGY6bGk+VHJpYnVuYWw8L3JkZjpsaT4gPC9yZGY6QmFnPiA8L2RjOnN1YmplY3Q+IDx4bXA6VGh1bWJuYWlscz4gPHJkZjpBbHQ+IDxyZGY6bGkgeG1wR0ltZzp3aWR0aD0iMjQ0IiB4bXBHSW1nOmhlaWdodD0iMjU2IiB4bXBHSW1nOmZvcm1hdD0iSlBFRyIgeG1wR0ltZzppbWFnZT0iLzlqLzRBQVFTa1pKUmdBQkFnRUJMQUVzQUFELzdRQXNVR2h2ZEc5emFHOXdJRE11TUFBNFFrbE5BKzBBQUFBQUFCQUJMQUFBQUFFQSYjeEE7QVFFc0FBQUFBUUFCLys0QURrRmtiMkpsQUdUQUFBQUFBZi9iQUlRQUJnUUVCQVVFQmdVRkJna0dCUVlKQ3dnR0JnZ0xEQW9LQ3dvSyYjeEE7REJBTURBd01EQXdRREE0UEVBOE9EQk1URkJRVEV4d2JHeHNjSHg4Zkh4OGZIeDhmSHdFSEJ3Y05EQTBZRUJBWUdoVVJGUm9mSHg4ZiYjeEE7SHg4Zkh4OGZIeDhmSHg4Zkh4OGZIeDhmSHg4Zkh4OGZIeDhmSHg4Zkh4OGZIeDhmSHg4Zkh4OGZIeDhmLzhBQUVRZ0JBQUQwQXdFUiYjeEE7QUFJUkFRTVJBZi9FQWFJQUFBQUhBUUVCQVFFQUFBQUFBQUFBQUFRRkF3SUdBUUFIQ0FrS0N3RUFBZ0lEQVFFQkFRRUFBQUFBQUFBQSYjeEE7QVFBQ0F3UUZCZ2NJQ1FvTEVBQUNBUU1EQWdRQ0JnY0RCQUlHQW5NQkFnTVJCQUFGSVJJeFFWRUdFMkVpY1lFVU1wR2hCeFd4UWlQQiYjeEE7VXRIaE14Wmk4Q1J5Z3ZFbFF6UlRrcUt5WTNQQ05VUW5rNk96TmhkVVpIVEQwdUlJSm9NSkNoZ1poSlJGUnFTMFZ0TlZLQnJ5NC9QRSYjeEE7MU9UMFpYV0ZsYVcxeGRYbDlXWjJocGFtdHNiVzV2WTNSMWRuZDRlWHA3ZkgxK2YzT0VoWWFIaUltS2k0eU5qbytDazVTVmxwZVltWiYjeEE7cWJuSjJlbjVLanBLV21wNmlwcXF1c3JhNnZvUkFBSUNBUUlEQlFVRUJRWUVDQU1EYlFFQUFoRURCQ0VTTVVFRlVSTmhJZ1p4Z1pFeSYjeEE7b2JId0ZNSFI0U05DRlZKaWN2RXpKRFJEZ2hhU1V5V2lZN0xDQjNQU05lSkVneGRVa3dnSkNoZ1pKalpGR2lka2RGVTM4cU96d3lncCYjeEE7MCtQemhKU2t0TVRVNVBSbGRZV1ZwYlhGMWVYMVJsWm1kb2FXcHJiRzF1YjJSMWRuZDRlWHA3ZkgxK2YzT0VoWWFIaUltS2k0eU5qbyYjeEE7K0RsSldXbDVpWm1wdWNuWjZma3FPa3BhYW5xS21xcTZ5dHJxK3YvYUFBd0RBUUFDRVFNUkFEOEE5VTRxN0ZYWXE3RlhZcTdGWFlxNyYjeEE7RlhZcTdGWEVoUVNUUURjazlBTVZlUDhBNWcvODVSL2xsNVNlVzB0Ymh2TUdxeDdHMTA4cTBLdDRTWEovZGozNGNpTzR4VjRINXAvNSYjeEE7ekYvTS9WSGRORWhzOUF0ajlneFJpNXVBRC9OSk9HalAwUkRGWG1Xc2ZtdCtaZXN1emFqNW8xT2RXNnhDNmxTTDZJa1pVSDNZcXhpZSYjeEE7NHVMaC9VbmxlV1RwemRpeHA4emlxbmlxYTZkNXI4MDZZNnZwdXNYMWs2bXF0YjNNMFJCSFFnb3krR0tzNjh2Zjg1S2ZuTG9qS0U4dyYjeEE7U2FoQ09zT29vbDBHK2NqajFmdWZGWHMza24vbk5iVDUzUzI4NTZLMW1XTkRxR21reVJDdjgxdkllYWdlS3V4OXNWZlEvbGZ6aDVZOCYjeEE7MWFhdXBlWGRTZzFPek5PVWtEVlpDZCtNaUdqeHQva3VBY1ZUakZYWXE3RlhZcTdGWFlxN0ZYWXE3RlhZcTdGWFlxN0ZYWXE3RlhZcSYjeEE7N0ZYWXE3RlhZcWtYblR6dDViOG1hRFBybm1DN0ZyWlE3S1B0U1N5SDdNY1NkWGR2RDZUUUFuRlh4SCtiMy9PUnZuSHo5Tk5ZV3NqNiYjeEE7UDVZSkt4NmJDMUhtWGVqWE1pMEwxL2tId0R3SjN4VjVKaXJzVmRpcnNWZGlyc1ZkaXJzVlRqeXQ1dTh5ZVZOV2oxYnkvZnk2ZmZSZiYjeEE7N3NpT3pML0pJaHFycWY1V0JHS3Z0UDhBSXIvbkkvU2ZQNGowUFdVajAzellpRXJFcHBCZGhSVm1nNUdxdU9wak5kdHdTSzBWZTA0cSYjeEE7N0ZYWXE3RlhZcTdGWFlxN0ZYWXE3RlhZcTdGWFlxN0ZYWXE3RlhZcTdGVXM4eStZOUk4dGFEZTY3ckU0dHRPc0lqTmNTbnJRYkJWSCYjeEE7N1RNYUtxOXlhWXEvUGI4M1B6VjF6OHgvTkVtcTM1TU5oQnlqMHJUZ1NVZ2hyOXhrZll1M2Mrd0FDckI4VmRpcnNWZGlyc1ZkaXJzViYjeEE7ZGlyc1ZkaXFyYTNWemFYTVYxYXl2QmN3T3NrRThiRkhSME5WWldGQ0NDS2dqRlgzZC96amwrZFkvTUx5OCtuYXM0SG1yU1VYNjcwWCYjeEE7NnpDVHhXNVZSVGV2d3lBYkJxZnpBWXE5aHhWMkt1eFYyS3V4VjJLdXhWMkt1eFYyS3V4VjJLdXhWMkt1eFYyS3V4VjhlZjhBT1lmNSYjeEE7bnk2ajVnaDhoNmZLUllhVHh1TlZLbmFXN2tVTWtacDFFTWJWL3dCWmpYZGNWZk4yS3V4VjJLdXhWMkt1eFYyS3V4VjJLdXhWMkt1eCYjeEE7VmtmNWVlZHRTOGsrY2ROOHlhZXg1MlVvTThJTkJOQTN3elJON09oSTlqUTlSaXI5SmRHMWF3MWpTYlBWdFBsRTFqZnd4M0Z0S1AybyYjeEE7NVZES2Z1T0tvekZYWXE3RlhZcTdGWFlxN0ZYWXE3RlhZcTdGWFlxN0ZYWXE3RlVEcjJzV3VpYUhxR3NYWnBhNmJiUzNjKzlQZ2hReSYjeEE7TitDNHEvTWZXOVl2ZGExbSsxZStmMUwzVUxpVzZ1WDhaSm5MdFQycWNWUU9LdXhWMkt1eFYyS3V4VjJLdXhWMkt1eFYyS3V4VjJLdiYjeEE7dGovbkRuemsrci9sM2RhQmNTYzdueTljbElnVFVpMXVxeXhWcjRTQ1VEMkF4Vjc1aXJzVmRpcnNWZGlyc1ZkaXJzVmRpcnNWZGlycyYjeEE7VmRpcnNWZGlyeW4vQUp5aDF4dEovSmJYQkczQ2JVREJZeG54RTB5bVFmVEVyNHErQWNWZGlyc1ZkaXJzVmRpcnNWZGlyc1ZkaXJzViYjeEE7ZGlyc1ZkaXIzMy9uRExYV3N2ek52ZEtacVE2dHAwZ1ZLMHJOYnVraUg2SS9VeFY5cjRxN0ZYWXE3RlhZcTdGWFlxN0ZYWXE3RlhZcSYjeEE7N0ZYWXE3RlhZcStkZitjMmRYamg4aDZIcE5TSnIzVS9yQUFQV08xZ2RXQi8yVndtS3ZqWEZYWXE5ai9MRC9uRi93QSsrZHJXTFU3cyYjeEE7cm9HaVRBTkRkM2FNMDBxa1ZEUlc0S015bnN6TW9QYXVLdmFySC9uQ2I4dTB0MVcvMXZWNTdnZmJrZ2EyZ1FuMlI0WnlQK0N4VkpQTSYjeEE7L3dEemhGWXRXVHl0NWtsaW9OcmJWSWxscWY4QWpQQUlxZjhBSW80cTh6MWovbkVqODU3QmlMYXh0TlZVVitLenU0MUZCM3BjL1YyLyYjeEE7REZXT1RmOEFPUG41enhPVWJ5cGVFanVucHVOLzhwWEl4VlZzL3dEbkhQOEFPdTdmaEY1VnVWUFNzMGx2Q1B2bGtRWXF6cnkxL3dBNCYjeEE7WWZtSmZ5STJ1NmhZNk5ia2ptcXMxM09CN0luQ00vOEFJM0ZXWHovODROMlpUL1IvT01pUFhySllLNHA0VUZ3bUtzQTg0LzhBT0lYNSYjeEE7bmFIRkpjNlExdDVodGtxZUZxeGl1YUR2Nk10QWZranNmYkZYbXZrN3lGZmVZZk9rUGxDNW0vUXVyWEpraGhXK2pkQXR5aUYwaG1YWiYjeEE7NCtmSGpYaWQ2YllxazJ2YUZxdWc2emVhTnExdTFycU5qSzBOekEvVldYd1BRZ2pjRWJFYmpGVUJpcjAzL25HdStObitkdmxpVGx4RSYjeEE7azA4RFZxUWZXdFpZd052ZHZ2eFYrZytLdXhWMkt1eFYyS3V4VjJLdXhWMkt1eFYyS3V4VjJLdXhWMkt2a0Qvbk42L2tmelY1YTA4MSYjeEE7OU8zc1pwMThPVTgzQS84QUpnWXErYXNWZlFYL0FEaXYrU2xwNXMxS1h6YjVodHhQb0dseStsWldrZ3FsemRxQXhMcisxSEVDS2pveiYjeEE7R200RERGWDJrQUFLRFlEb01WZGlyc1ZkaXJzVmRpcnNWZGlyc1ZZMzVuL0x2eWQ1bXZiTFVOVzAyT1hWTk5saW5zTlNqckhjeFBDNCYjeEE7a1RqS2xHS2hoWGkxVjlzVmVGLzg1ai9sakhkNlBiZWZ0UGhwZDZlVXRkWTRqN2R1N2NZWlc5NDVEdytURHN1S3ZrUEZYb0g1QS84QSYjeEE7azVQS2YvTWN2L0VXeFYraW1LdXhWMkt1eFYyS3V4VjJLdXhWMkt1eFYyS3V4VjJLdXhWQjZ6cTFsbytrWHVyWDcrblphZkJKZFhNbiYjeEE7aEhDaGR6OXk0cS9PejgzZnpRMVA4eVBOemEvZTIwZHBIRkNMT3h0b3FuaGJKSThpQjJKK042eW5rMnc4QU1WWWJGRkpOS2tVU2w1WiYjeEE7R0NJZzNKWmpRQWZNNHEvUzc4dWZLTnY1UThqNk41Y2hWUWRQdGtTNFplajNERG5PL3dEczVXWnNWWkhpcnNWZGlyc1ZkaXJzVmRpciYjeEE7c1ZkaXJzVlMvd0F4YUhZNi9vT282SmZyeXM5U3Q1YldjYkVoWlVLRWl2N1FyVWUrS3Z6SjF2U0x6UnRadjlJdlY0WG1uWEV0cmNMNCYjeEE7U1F1VWI4VnhWRytTdk5WMzVUODE2WjVqdElJN200MHlZVHh3VGN1RFVCQkI0bFQwT0t2MGc4bSthZFA4MStWdE04eGFmVVdtcHdMTyYjeEE7aUUxWkdPenhzUiswamdxZmNZcW5PS3V4VjJLdXhWMkt1eFYyS3V4VjJLdXhWMkt1eFYyS3ZNditjbHIyYXovSS93QTBUUW1qdEZidyYjeEE7ay81TTkzREMvd0R3cm5GWDU4WXErcHYrY2Y4QS9uR3p5NXJubFRRdlBPc1h0eitrSkwxTDYwdElUR0lQUnRMZ2dSVEt5c3plcVlpUyYjeEE7VllVQkh2VlY5WFlxN0ZYWXE3RlhZcTdGWFlxN0ZYWXE3RlhZcTdGWGduNXgvd0RPTVhsbnpFbm1iemJZWE4xRDVtdVVONWIyNGFQNiYjeEE7cVpZWVZCajRjT2Y3NHhrbHVlek40YllxK0pzVmZkSC9BRGlCZlRYUDVPUXd5R3FXV29YVUVJOEVZck4veEtac1ZlMllxN0ZYWXE3RiYjeEE7WFlxN0ZYWXE3RlhZcTdGWFlxN0ZYWXE4Mi81eVEwK1Mvd0R5Uzgwd0pVc2tFVndhZUZ0Y3hUdDQ5bzhWZm5waXI5RS8rY2ZrUlB5WiYjeEE7OHBoQUZCc2d4QThXa1lrL1NUaXIwSEZYWXE3RlhZcTdGWFlxN0ZYWXE3RlhZcTdGWFlxdGxsU0tKNVpEeGpqVXM3ZUFBcVRpcjhyYyYjeEE7VmZkbi9PSXVudmEva3phVHNLQy92YnU0WDVMSjZIaDR3NHE5b3hWMkt1eFYyS3V4VjJLdXhWMkt1eFYyS3V4VjJLdXhWTC9NT2pXKyYjeEE7dDZCcVdqWEJwYjZuYXpXY3A2MFNlTm8yUDNOaXI4eHRWMHk4MHJWTHpUTDFQVHZMR2FTMnVZLzVaSW1LT1B2R0t2dHYvbkVYemREciYjeEE7UDVWUmFRMGdONzVlbmt0cFVKK0wwWm5hZUY2ZUh4c2cvd0JYRlh0Mkt1eFYyS3V4VjJLdXhWMkt1eFYyS3V4VjJLdXhWZ0g1OGViNCYjeEE7Zkt2NVZhL3FET0V1YmkyYXdzUldqR2U3QmlVcjdvR0wvSmNWZm5ZaVBJNnh4cVhkeUZSRkZTU2RnQUJpcjlMdnkyOHIvd0NGZklXZyYjeEE7K1gycDZ1bjJjVWR3UjBNNUhLWWo1eU14eFZrbUt1eFYyS3V4VjJLdXhWMkt1eFYyS3V4VjJLdXhWMkt1eFY4Zi93RE9XLzVPM2xqciYjeEE7YitmOUd0bWsweS80alcwaVd2b1hLamlKMkFHeVNxQlUvd0EvWDdReFY0MytWLzVvK1pQeTU4d25XTkZNY29tak1ONVpUaGpETkdUVSYjeEE7QmdwVWhsTzZzRHQ4aVFWWDI3K1IzNXd3L21kNWZ2dFJOa3VtM2xoZGZWNXJGWlBXcEd5SzhVbk1xbGVYeEQ3SSt5Y1ZlajRxN0ZYWSYjeEE7cTdGWFlxN0ZYWXE3RlhZcTdGV0lmbXYrWUVIa0h5TnFIbVdTSmJtYTM5T08wdEdiZ0pacFhDS2xRRDBCTEgyQnhWOFRmblArZW12LyYjeEE7QUpuM2xxdHhiTHBlaldOV3RkTWprTW85VmhScFpaQ3NmTjZiTDhJb09uVTFWWloveml4K1Q5NzVsODEyL20zVTdabDh1YUpJSm9IayYjeEE7VThicThRL3UwU3YybGliNDNQaUF2ZlpWOXVZcTdGWFlxN0ZYWXE3RlhZcTdGWFlxN0ZYWXE3RlhZcTdGWFlxMDZJNk1qcUdSZ1F5ayYjeEE7VkJCMklJT0t2Z0QvQUp5VThnanlmK2FPb0xiUWlMU3RZLzNJNmVGWGlpaVluMVkxcHNPRW9hZ0hSU01WVEgvbkZmOEFNQmZLdjVtUSYjeEE7MkYzTDZlbGVZMUZoY0ZqUlZuclcxa1B2Nm43djJEazRxKzc4VmRpcnNWZGlyc1ZkaXJzVmRpcnNWZGlyNUEvNXpPL01GYjdYdE84ayYjeEE7MmN2S0RTZ0wzVXdwMit0VExTSkQ3eHd0eS8yZUt2RWZ5ejhtWFBuVHoxby9seUVOd3ZiaFJkT3ZWTFpQam5lditUR3JVOTlzVmZwUiYjeEE7WjJscloyc05wYVJMQmEyNkxIQkRHQXFJaWlpcW9IUUFZcXE0cTdGWFlxN0ZYWXE3RlhZcTdGWFlxN0ZYWXE3RlhZcTdGWFlxN0ZYaiYjeEE7bi9PVWY1YXQ1dy9MeDlRc1l2VTFyeTZYdkxRS0tzOEJBK3N4RDVvb2NlSlFEdmlyNFFSM1IxZEdLdXBCVmdhRUVkQ0RpcjlDL3dBaCYjeEE7UHpQaS9NRHlEYTNzMGdPdDZlRnROWmo3K3NnK0dhbjhzeS9GODZqdGlyMGZGWFlxN0ZYWXE3RlhZcTdGWFlxeHY4eFBQR2wrU1BKKyYjeEE7bytZOVJJTWRuR2ZxOEZhR2FkdG9vVjkzYjdoVTlzVmZtN3JtdGFocm1zM3VzYWxMNjEvcUU4bHpjeWVMeU1XYWc3RGZZZGhpcjZ5LyYjeEE7NXcyL0xiNmhvbDU1NnY0cVhXcWNyVFN1UTNXMWpiOTdJUDhBakpLdkg1Sjc0cStsTVZkaXJzVmRpcnNWZGlyc1ZkaXJzVmRpcnNWZCYjeEE7aXJzVmRpcnNWZGlyc1ZjUUNLSGNIcU1WZkEvL0FEa2orVXplUS9PNzNOaER3OHVhMnozT204UjhNTDFyTmJlM0F0VlA4a2p3T0twRCYjeEE7K1MzNXFYLzVjK2NvZFZUbExwVnpTMzFpelgvZGx1VFhrbzZlcEdmaVEvTWRDY1Zmb1hwR3JhZHJHbVd1cWFaY0pkV0Y3R3MxdGNSbSYjeEE7cXVqaW9JeFZGNHE3RlhZcTdGWFlxN0ZWc2trY1ViU1NNRWpRRm5kaUFxcUJVa2s5QU1WZkNYL09TZjV6bno5NW1HbDZUS1Q1VjBaMiYjeEE7V3pJNlhNLzJYdVQvQUpQN01mOEFrNzdjaU1WWWIrVW41Y2FoK1lQbmF5MEMyNVIyaFByYW5kcUsraGFvUjZqL0FPc2FoRS95aU8ySyYjeEE7djBZMHpUYkhTOU90ZE5zSVZ0N0d5aVMzdFlFK3lrVWFoVVVmSURGVVRpcnNWZGlyc1ZkaXJzVmRpcnNWZGlyc1ZkaXJzVmRpcnNWZCYjeEE7aXJzVmRpcnNWWXYrWlg1ZmFQNTk4bzNubDNVeHhFdzUyZDBCVnJlNVFIMDVsNmZaSm9SM1VrZDhWZm5iNXc4bzY1NVI4eFh2bC9XNCYjeEE7UFF2N0orTDBxVWRUdWtrYmJja2RkMU9LdlVmK2NlditjZ0xyeUJlcm9XdHMxeDVRdTVPVDBCYVN6a2M3elJnYnNoL2JUL1pMdlVNcSYjeEE7KzRkTzFHdzFLeGd2OVB1STd1eXVVRWx2Y3dzSGpkRzNES3kxQkdLb2pGWFlxN0ZYWXEwN29pTTdzRlJRU3pFMEFBM0pKT0t2a0wvbiYjeEE7SkwvbkkrTFdvN2p5WjVNdWVXa21xYXZxOFJJK3MwMk1FQkZQM1A4QU8zN2ZRZkQ5cFY4NWFkcDE5cVYvYjZmWVFQYzN0M0lzTnRieCYjeEE7ams3eU9lS3FvSGNrNHEvUUw4aVB5aHRQeTM4b3BiVEJKZk1Pb2NadFp1bDNIT253d0lmNUlxMEhpYXQzb0ZYcE9LdXhWMkt1eFYySyYjeEE7dXhWMkt1eFYyS3V4VjJLdXhWMkt1eFYyS3V4VjJLdXhWMkt1eFY1aCtldjVKNlorWldnZ3crbmErWnJGVCtpOVFZR2hIVTI4eEc1aiYjeEE7WTlEdnhPNDdncXZnenpENWQxcnk3ckZ6bzJ0MmtsanFWbzNDZTNrRzRQVUVFVkRLdzNEQTBJM0dLczMvQUNrL1BmemorVzl6Nk5tNCYjeEE7MURRSlg1M09qWERFUmtuN1R3dnVZWFBpQVFmMmxPMkt2ci84di84QW5JajhzZk9jVU1jR3BwcGVxeUFCOUwxRXJCSno4STNKOU9YMiYjeEE7NHRYeEF4VjZZQ0NLamNIb2NWZGlyQlBPL3dDZC93Q1dYazJHWDlMYTFETGV4OU5NczJXNHVpMzh2cG9mZ3I0eUZSNzRxK1N2emkvNSYjeEE7eVc4MWVmVWwwblRsYlJQTExWVjdPTjZ6M0svOHZFZ3A4Si8zMnZ3K1BMWTRxOGd0Ylc1dTdtSzF0WW5udVozV09DQ05TN3U3bWlxcSYjeEE7aXBKSk5BQmlyN2MvNXgyLzV4N2c4alcwZm1UekVpemViYm1NaU9Lb1pMR054dkdwR3pTc05uZnQ5bGRxbGxYdWVLdXhWMkt1eFYySyYjeEE7dXhWMkt1eFYyS3V4VjJLdXhWMkt1eFYyS3V4VjJLdXhWMkt1eFYyS3V4VmdmNXIvQUpOZVUvekkwb1crcVIvVnRVZ1VpdzFlRlI2MCYjeEE7SlA3TGRQVWpyMVJ2b0lPK0t2aVg4elB5VDg5L2w3ZHYrbHJNM0drOHFRYXpiQm50bkJORjV0U3NUbitWNmUxUnZpckFjVlRyU2ZPdiYjeEE7bkxSNHhIcEd2YWpwMFlGQWxwZHp3S0I4bzNYRlYrcGVmUFBPcVJtTFUvTVdwMzBiQ2pKYzNseE1wRyt4RHUzamlxUllxeWp5SCtXbiYjeEE7blB6MXFRc2ZMbW5QY2hXQXVMeGdVdG9BZThzeEhGZHQrUDJqMkJ4VjlwL2t2L3pqMTVaL0xxRk5RdUN1cSthWFdrdXBPdEVoNUNqSiYjeEE7YW9mc0Nob1hQeE43QThjVmVzNHE3RlhZcTdGWFlxN0ZYWXE3RlhZcTdGWFlxN0ZYWXE3RlhZcTdGV21aVlVzeENxb3F6SFlBRHVjViYjeEE7WVpyL0FPYy81VmFCekdwK2FMQkpJLzd5Q0dVWE15K3hpdC9Wa3Ivc2NWWUpxZjhBem1GK1Q5bXpDM2JVdFJBNk5iV29VSHAwK3NQQSYjeEE7ZnZ4VklMbi9BSnpiOGtLZjlHOHY2bktLbis5YTNqMjdINFhreFZLYnovbk9TMUFJcy9KN3VUVUswMStFQS9sSlZZSHI3aXYwNHFtMyYjeEE7NVA4QS9PVkdvZWRQekNnOHZhMXA5cHBWaGZ3eUpwN1JOSThodXdReUk4anNGb3lCd0tLUGlwaXI2T3hWMktySm9ZWjRuaG1qV1dHUiYjeEE7U3NrYmdNcktSUWhnZGlEaXJ5RHpsL3ppbitVL21LU1M1dExTWFFMMXlXTW1tdUVpTGU5dTRlSUQyUUxpcnkvVXYrY0hkUVdTdW1lYiYjeEE7SVpZeWRsdWJSb3lCdjNTV1N2YnNNVlVyUC9uQjdXMmxwZSthN2FHTCthRzBrbGI3bWtpSDQ0cTlFOG8vODRnZmxmbzBrZHhxejNYbSYjeEE7QzRUZmhjdUlyYW82SDBvZUxINU03REZYdE9tYVZwbWxXTVZocGxwRFkyTUE0dzJ0dWl4UklQQlVRQURGVVZpcnNWZWMvbnYrYXAvTCYjeEE7ZnlWK2xiUlladFp1cDQ3ZlRMV2NGbzNQSU5NenFySTNGWWdkd2Z0RmNWZUthWi96bkZmS3FycW5sS0tadHVVbHRlTkVQZWlQREwveCYjeEE7TEZVN3R2OEFuTi95dTNINjE1WnZZcW40L1NuaWtvUGJrSTY0cW5Oai93QTVvL2xiT1ZXNTAvVjdSajlwbWd0M1FiMDZwT1c2Yi9aeCYjeEE7Vm1HaC93RE9TZjVMNndWU0x6SEZaeW1sWTc2T1cxcFh4a2xWWXZ1ZkZYb09sNnpvK3JXd3V0S3ZyZlVMWTlKN1dWSm96WC9LakxERiYjeEE7VVppcnNWZGlyc1ZkaXJzVmRpcnNWZUhmbkYvemxINWE4bHl6Nk41ZmpqMXp6SEhWSlFHLzBPMmNiRVN1dTd1RDFSRDgyVTdZcStUUCYjeEE7UEg1dC9tRDUybmR0ZjFpZWExYzFYVG9tTU5vbE9sSUVvaHAvTTFXOThWWWZpcnNWZGlyc1ZWclM3dWJPNmh1N1dWb0xxM2tXV0NaQyYjeEE7VmRKRUlaV1Vqb1ZJcU1WZm9QOEFrVitiVnArWTNrMks4a1pVMSt3Q1FhM2JMUVVsb2VNeXIvSk1GTER3TlY3WXE5SHhWMktwTDUwOCYjeEE7eG55ejVTMWp6Q0xiNjRkSnRKcno2cUg5UDFCQ2hjcno0dnhyVHJ4T0t2bS8vb2VmL3Z5Zis1cC8yWjRxNy9vZWYvdnlmKzVwL3dCbSYjeEE7ZUt2VWZ5Ti9Qay9tbGM2dkQrZ2YwT05LU0J5LzFyNjBKRE9YRlA3bURqVDAvZXVLdldjVmRpcWhmMzlucDlqY1g5OU1sdloyc2JUWCYjeEE7TnhJZUtKR2c1TXpFOUFBTVZmbnYrZWY1clhQNWplZFp0UmpMSm9sbFcyMFczYllyQURVeXNQNTVUOFRlQW92YkZYbldLdXhWMkt1eCYjeEE7VkhhUHJtczZMZXJmYVBmM0duWGlmWnVMV1Y0WkIvc2tJT0t2b2I4cnYrY3hOY3NKWWROOCt3L3BLdzJUOUwyNkJMcVBzRExHdkZKViYjeEE7SCtTRmJ2OEFFY1ZmV09oYTlvMnY2VmI2dG8xNUhmYWJkTHpndVlUVldIY2VJWWRDcDNCMk9Lby9GWFlxN0ZYWXE3Rlh5OS96a3Y4QSYjeEE7ODVGeldNdDM1RzhuWEpTN1dzT3Q2dkUyOFo2UGJRTXZSeDBrYjluN0kzclJWOG1ra21wM0p4VnJGWFlxN0ZYWXE3RlhZcStwUCtjTSYjeEE7UHk5MUUzZW9lZTU1NWJleEN2cHRsYklTcTNESGkwcnlEOXBJL2hDLzVWZjVjVmZXR0t1eFZEYXBwbGxxdW1YZW1YOFFtc2IrR1MydSYjeEE7b1NTQThVeUZKRnFLSGRXSTJ4VjhzL21IL3dBNFh6cDZsNzVEMUwxbDNiOUVhaXdWL0hqRmNLQXA4QUpGSHUyS3NLOGtmODRqL21iciYjeEE7dDBUcnFSK1c5UGpmakpMY0ZaNTJvYUgwb1ltSWI1czZnOXE0cStxL3lxL0ovd0FxL2xycHR6YWFJWnByaS9NYlg5N2NzR2tsTVFiZyYjeEE7T0toVVZWOVJxQUR2dVRpck9jVmRpckN2emo4aVhmbm44dmRVOHZXZDNKYVhreWlXMkt0eGpsbGhQTkladkdOMkFyNEdoN1V4VitjbCYjeEE7eEJOYnp5Vzg2TkZQQ3pSeXhzS01ycWFNcEI2RUVZcXA0cTdGWFlxN0ZYWXE3RlhvMzVNZm5ScjM1YTY2Sll1VjVvRjJ3R3FhVVcyWSYjeEE7ZFBWaXJzc3Fqb2YydWg4UXErL1BMWG1QUi9NdWhXZXVhTmNMZGFiZnhpVzNtWHc2RldIWmxZRldYc1JURlV5eFYyS3V4VjQ5L3dBNSYjeEE7S2ZuQTNrSHlpTEhTcGVQbWJXdzhWaXdQeFc4STJsdWY5WmE4WS84QUtOZCtKR0t2ZzFtWm1MTVN6TWFzeDNKSnhWckZYWXE3RlhZcSYjeEE7N0ZYWXE3Rlg2US9rMTVhSGxyOHJ2TFdrRlBUbWlzWTVybGFVSW51UDM4d1B5a2tJeFY1cC93QTVmZm1KcS9scnlucGVpYVBlUFpYbSYjeEE7dXpTbTVuaFlyS0xXM1ZlYUJoOFNjM2xYY2RRQ09sY1ZmTFBrMzgzUHpGOG4zWW4wUFc3aUtQOEEzWmFUTVo3WnhXcERReThrL3dCayYjeEE7QUc4RGlyNlUvTHovQUp6TDh1YWo2Vmw1MnNXMGU3WWhmMGphQnByTW54ZVBlYUw2T2Z6R0t2b0xSZGMwYlhOUGkxTFI3NkRVTENiKyYjeEE7N3ViYVJaRVBpS3FUdU80NmpGVWRpcnlyOHcvK2NsZnl5OG1tVzErdS9wclY0NnFkUDA0ckx4Y2RwWnEra20reEZTdy9seFY4eGZtRiYjeEE7L3dBNVNmbVg1czlXMXNiZ2VYZEplbytxNmV4RXpML3haZEdraDhEdzRBOXhpcWovQU00OC9tZjVoOHYvQUpuNlRiVDZsUExwT3QzUyYjeEE7V1dvMjAwalBHelhKOU9PVThpYU1raktlZldsUjBKeFY5OFlxL1BqL0FKeVE4dERRUHpqOHdRb25DM3Y1VjFHRGFnSXUxRWtoSC9QWSYjeEE7dU1WZVpZcTdGWFlxN0ZYWXE3RlhZcTkwL3dDY1cvemprOG9lWjE4czZ0UFR5M3Jrb1JTNStHMnZIb3NjdnNzbXlQOEFRMzdKeFY5dyYjeEE7WXE3RlZLN3U3YXp0WnJ1NmtXRzJ0NDJsbm1jMFZJMEJabVkrQUFyaXI4NGZ6YTgvM1hueno1cWZtR1ZtRnJJL282YkMzKzZyU0lrUSYjeEE7cFRzU1BqYi9BQ2ljVllkaXJzVmRpcnNWZGlyc1ZkaXJJL3k1OHRuekw1ODBEUWl2S1BVTDZDS2NmOFU4d1pqOUVZWTRxL1RFQUFVRyYjeEE7d0hRWXErR3YrY3ZmTXcxYjgyWDAyTnF3YUZadzJsQjluMVpBYmlSdm5TWlZQK3JpcnhERlhZcW5YbGJ6bjVxOHA2aCtrUExtcVhHbSYjeEE7WFczTm9Hb3JnYmdTUm1xU0w3TUNNVlpSNTQvUHI4MFBPZHFMTFZ0WGFMVHlnU1d4c2xGdEZMUVVKbENmRkp5NmtNZVBnQmlyejNGWCYjeEE7WXFxVzl4TmJYRVZ4QTVqbmhkWklwQjFWMU5WSStSR0t2MDY4cGE5RjVnOHJhUnJzVk9HcDJjRjJBT3htakRsZjlpVFRGWHpKL3dBNSYjeEE7dStXU3Q5NWI4enhwdExITHB0eS9nWTI5YUFmVDZrdjNZcStYTVZkaXJzVmRpcnNWZGlyc1ZkaXI5QVArY2IvektQbmo4dWJZM2szcSYjeEE7NjVvMUxIVXl4cTc4Ri9jenRYYytwSDFQZGcyS3ZWTVZlRy84NWMrZXo1Zi9BQzNHaDIwbkMvOEFNc3B0dHVvdElxUGNINmFwR2ZaaiYjeEE7aXI0ZHhWMkt1eFYyS3V4VjJLdXhWMkt2ZXY4QW5EYnkzK2tmelB1TlprU3NXaDJNa2tiK0U5eVJBZyttSnBjVmZiRWtrY1ViU1NNRSYjeEE7alFGblk3QUFDcEp4VitZL25YekJKNWo4MzYxcnprLzdrNzJlNlVIOWxKSkN5TC9zVm9NVlNYRlhZcTdGWFlxN0ZYWXE3RlgzYi96aSYjeEE7VDVrL1MvNVFXdGs3OHA5RXVwN0Y2OWVCWVhFWitRV2JpUGxpcU4vNXlsOHQvcHY4bXRXZEU1M0drU1E2bEFQRDBXNFNuNklKWkRpciYjeEE7NEZ4VjJLdXhWMkt1eFYyS3V4VjJLdlkvK2NWL1BaOHMvbWxhMkU4bkRUZk1TalRwMVBUMTJOYlp2bjZ2d2ZKemlyN3h4VjhJL3dETyYjeEE7Vi9uQTYvOEFtemRXTVQ4clBRSVUwK0lBL0NaUis4bmFuajZqOEQvcTRxOFp4VjJLdXhWMkt1eFYyS3V4VjJLdnJyL25CNkczR2dlYSYjeEE7cGxBK3NQZDJxU0g5cmdrYmxLKzFYYW1LdmN2elJUVzVQeTU4eXhhSEE5enEwMm5YTVZwQkVLeU0wa1pUOTJCdVhBSktqdWNWZkYvayYjeEE7TC9uR0g4MHZOTnlwdk5QZnk3cHdQNzI3MVJHaGtwMzRXeEFsWS9NS3YrVmlyNmgvTHIvbkdyOHRQSnNhVHlXWTEzVndQaXY5UlJaQSYjeEE7RC94VkFheHgreG9XL3dBckZYeGIrYXV1YVpydjVqZVlkVjB1R09IVHJtOWwrcUxFb1ZHalE4RmtBRzM3d0x6UHVjVllwaXJzVmRpciYjeEE7N2MvSlB5ditYSDVrL2tobzlycStoMmx6SnA2eWFkZFNDTVJ6eHpRdFhtazBmR1JXZEhSelE3azc0cTg0L01uL0FKdzIxdXc5Vy84QSYjeEE7SXQ1K2xMVVZiOUZYYkxIZEtQQ09YNFlwUDlsd1B6eFZsWC9PSDNsZno1NWJ1dk5GbnIralhtbDJFd3RuaWE4aGVFTlBHWkZiMHVZSCYjeEE7TUZXK0pscU5oaXIzdnp2RGJ6K1M5Zmh1UUd0NWROdTBtRGZaS05BNGF2dFRGWDVpNHE3RlhZcTdGWFlxN0ZYWXE3RlZTM3VKN2E0aSYjeEE7dUlITWM4THJKRklwb3l1cHFyQStJSXhWK2luL0FDdEN6LzVVeC95c1A0YWZvbjY5NlZmaCt0Y09QbzEvNWlQM2VLdnowMXJWTGpWdCYjeEE7WnY4QVZiZzF1TlF1SmJxWW5jbDVuTWpmaTJLb0xGWFlxN0ZYWXE3RlhZcTdGWFlxOWkvNXhrL05leThoK2RKcmJWNVBSMERYVVMzdiYjeEE7Sno5bUNhTmlZSm0veUY1c3JlQWF2YkZYM2ZETkRQREhQQklzc01xaDRwVUlaV1ZoVldWaHNRUjBPS3I4VmVmZm4xNXovd0FJL2xYciYjeEE7bXBSU2NMMmVINmpZZnpldmRmdXd5KzZLV2svMk9LdnpzeFZkSEc4a2l4eHFYa2NoVVVia2ttZ0F4VjZmL3dBNURmbDlINUk4NWFkcCYjeEE7OE1ZU0M0MGV3ZXEvWk1zRUl0WmpVZDJlMzV0N3RYRlhsMkt2cFA4QTV3cjg1L1UvTXVyK1VyaVNrT3FRaTlza1lpbjFpMjJrVmZkNCYjeEE7bTVIMlRGWDJEaXJzVmVGZjg1Uy9tOXBubHZ5ZmVlVXJDNFdYekhya0p0NW9VSUp0N09VVWxlVUQ3SmtRbEVCOGVYYkZYeEJpcnNWZCYjeEE7aXJzVmRpcnNWZGlyc1ZkaXIyei9BQlpkL3dEUXBINko5VDRQOFQvbzMwK1cvd0JYOUg5STlQRDFzVmVQNnpwaytsYXZmYVpPS1QyRiYjeEE7eExiU2c3SG5DNVJ2eFhGVUhpcnNWZGlyc1ZkaXJzVmRpcnNWZGlyMFQ4cmZ6Sy9OblM5VzA3eTU1UjF5NGhHb1hNVnRiV01vUzV0MSYjeEE7YVp3dTBVeXlLZ3Fhc1VBeFYraDBTdXNTSzdtUjFVQnBDQUN4QTNKQW9OL2JGWHlUL3dBNXIrYy9YMWZSUEo5dTlZN0tOdFJ2bEJxUCYjeEE7Vm1ySEFwOEdSRmMvSjhWZk1lS3M3L0l2eTRmTVA1dCtXTk9LODRsdlV1NXdSc1lyTUc1Y043TUl1UDA0cStnUCtjM1BMaG04ditYUCYjeEE7TWNhYjJkekxZVHNPdkc1UVN4MTlsTnUzL0JZcStSTVZaRCtYM211YnlsNTIwWHpIRlUvbzI2amxsVmVyd2s4WmtIK3ZFekw5T0t2MCYjeEE7dnQ3aUM1dDRyaUJ4TEJNaXlSU0thcXlPS3F3UGdRY1ZmTm4vQURsajU5L05QeWhxdWxwb09zeTZmNWQxZTJkQ0lJNGhLTG1GdjNnRSYjeEE7L0F5cFZIUXJSaDN4VjhqM1YxZFhkekpkWFV6M0Z6TXhlYWVWaTd1eDNMTXpFa2srSnhWU3hWMkt1eFYyS3V4VjJLdXhWMkt1eFY3VCYjeEE7L2hXNi93Q2hTLzB0NlFwL2lqOUllcnhITDZ2OVgrb1U1ZGVQcmZqaXFPLzV5MC9MTzY4dmVlbjgwMmtST2krWW05UjVGSHd4WG9INyYjeEE7MUdwL3Z5bnFDdlVsdkRGWGhHS3V4VjJLdXhWMkt1eFYyS3V4VjJLdmVQOEFuRDN5WittZnpJbTE2Wk9WcDVkdHpLcElxUHJOeUdpaSYjeEE7SC9BZW93OXhpcjdha2tqaWphU1Jna2FBczdzUUZWUUtra25vQmlyODFmek84M3llY1BQMnVlWW1ZdEhmWFRtMUI2cmJSL3U3ZGZvaSYjeEE7UlJpckY4VmZSdjhBemhSNWMrdCtkTmIxOTFySHBka3R0R1QybHZKS2dqNUpBNCtuRlgwQi93QTVFZVhEci81TytaTFpGNVQybHVMKyYjeEE7SGFwQnMyRTdVOXpHakw5T0t2enl4VjJLdnZyL0FKeGU4NS80bC9LWFRZcHBPZDlvWmJUTG1wMzR3Z0dBL0wwR1JmbURpcTMvQUp5aiYjeEE7OG1mNGwvS1hVWjRrNVh1aE11cVc5QnZ3aEJXY1Y4UFJkMithakZYd1BpcnNWZGlyc1ZkaXJzVmRpcnNWZGlxWitXL0x1cmVaTmRzdCYjeEE7RDBpQTNHbzM4b2h0NGgwcWVyTWV5cVBpWTlodmlyOUMvd0RsVm1qZjhxbC81Vnp5L3dCQi9SMzFINnh4RmZXcHkrc2NlbkwxL3dCNyYjeEE7ODhWWko1ajh1YUw1azBXNjBYV3JWTHpUYnhPRThEL2VHVWpkV1U3cXczQjNHS3ZpWDgzL0FQbkdUemQ1S2xuMUxSWTVOYzhzclYvciYjeEE7RVM4cm0zUWIwdUlsM29vLzNZZzQ5enh4VjR2aXJzVmRpcnNWZGlyc1ZkaXJzVmZkL3dEemlqNU0vd0FQZmxSYTM4MGZDKzh3U05xRSYjeEE7cEkrTDBUOEZ1UDhBVk1hK29QOEFYeFZOUCtjbFBPZitGdnlrMVo0bjRYdXJnYVZaME5EeXVRUktRZjhBSmhWeVBmRlg1K1lxN0ZYMiYjeEE7OS96aDE1Y0duZmxYSnFycFNYVzc2YVpYUGVHQ2x1ZytoNDVQdnhWN2plV2tGNWFUMmx3dk9DNGphS1ZQRkhVcXcrNDRxL01IekZvOCYjeEE7K2lhL3FlalhHOCttM1U5bktmOEFLZ2thTS9pdUtwZGlyNkQvQU9jTlBPZjZMOCszdmxtZDZXMnYyL0tCU2Y4QWo2dEEwaTAvMW9qSiYjeEE7WDVERlgyYmMyMEYxYnkyMXhHc3R2T2pSelJNS3F5T09MS1I0RUhGWDVuK2YvS3R4NVQ4NmF6NWNucnkwMjZraGpadXJ3MTVReWY3TyYjeEE7SmxiNmNWWS9pcnNWZGlyc1ZkaXJzVmRpckp2SW41YitjZlBPcGpUL0FDNXA3M1RLUUxpNlB3VzhBUDdVc3ArRmZHbjJqMkJ4Vjl1LyYjeEE7a24rUStnL2xyWU5jRnhxSG1XNlRoZTZtUVFxb2FFd3dLZnNwVWRUOFRkK3dDcjFIRlhZcTdGWG1INWdmODQ1ZmxoNTBhVzZ1TlBPbCYjeEE7YXRKVW5VZE9Ld3V6SHZKSFJvcEtucVN2TDN4VjgrZWNmK2NOUFA4QXBucVRlVzcyMjErMlhkWVNmcWwxOHVNaE1SLzVHL1JpcnhyeiYjeEE7SjVFODUrV1pDbXY2SmVhYUFhQ1M0aGRZMjNwOE1sT0RmN0U0cWtXS3V4VjJLdXhWT3ZKbmxxNTh6K2JOSjh2VzFSTHFkMUZiY3h2dyYjeEE7VjJBZVQ1SWxXUHl4VittZGhZMnRoWTIxaGFSaUsxdElrZ3Q0aDBXT05RaUtQa294VjhmZjg1b2VjL3IvQUp4MHp5cGJ5VmcwVzMrcyYjeEE7WGFBbW4xbTdvd0REdnhoVkNQOEFYT0t2blBGWFlxL1REOHR2TG4rRy9JUGwvUXlucHkyRmhCSGNML3hmd0RUSDZaQ3h4VmttS3ZnZiYjeEE7L25LZnk0TkYvT1hWWkVUaEJxMFVHb3dqeDlWUFRsUDB6Uk9jVmVSNHFtM2xUekRkK1hQTTJsNjlhZjcwYVpkUlhTTFduTDBuREZENyYjeEE7TVBoUHRpcjlOZEwxSzAxVFRMVFU3Si9Vczc2R081dHBQNW9wa0RvMzBxd3hWOGpmODVwK1RCWmVaOUk4Mlc4ZEl0V2hOcGVzT25yMiYjeEE7dERHemU3eE5RZjZtS3ZtM0ZYWXE3RlhZcWlMSFQ3L1VMbExXd3RwYnU2ayt4QkFqU1NOOGxRRW5GWHAvbFA4QTV4aC9PRHpFVWR0SSYjeEE7L1ExcTFLM0dxdDlYSStjTkhuLzVKNHE5NDhqZjg0YStTdEtlTzY4MDMwMnYzSzcvQUZWQWJXMEI4Q0ZZeXZUL0FGd0QzR0t2ZWRKMCYjeEE7YlNkSHNJdFAwbXpoc0xHRVVpdHJlTllvMStTcUFNVlJtS3V4VjJLdXhWMkt1eFZwMFIwWkhVTWpBaGxJcUNEc1FRY1ZZVnIvQU9TZiYjeEE7NVRhOFdiVXZLMWcwajd2TmJ4L1ZaV1BpMGxzWW5KK25GWG5tcy84QU9HbjVXWGxXMCs2MUxTNU4rS3h6Sk5FQ2VsVm1qZHpUL1h4ViYjeEE7aE9xLzg0TzNhMWJTZk5rY244c1YxWmxLZk9TT1Y2LzhCaXJFdFIvNXcwL05lMkpOcmM2VmZyK3lJcmlWRytrU3hSai9BSWJGV1NmayYjeEE7TCtRbjVtK1VQelkwbld2TU9pckRwZHFseURlSmNXMHlxOGx0Skd2d3h5TkoxZW4yY1ZmWEdLdnpqL08yMjh3UWZtdDVuYlhZWGh2SiYjeEE7dFFua2k1cVFyMjVjaUJvNjlVOUlMeFBoaXJCOFZlby9rUDhBbEQ1aDg3K2NkTnVUWlNKNWFzYmlPNDFMVUpFSWhhT0Z3eGdqWTdPOCYjeEE7bE9ORnJTdFRpcjlBOFZkaXI1Ni81eTIvS1hYUE5XbWFiNW04djJyWHQvbzZTUTMxbkVPVTBsczVEcThhamR6RzNLcWpjaHR1bUt2aiYjeEE7T1dLU0tSb3BVYU9SQ1ZkR0JEQWpxQ0QweFZhQVNhRGNuRlg2R2Y4QU9PMXRyOXQrVG5seTMxMkY0THlPS1FSUlNncklMZjFuTnZ6VSYjeEE7OVAzWEduK1RURlVzL3dDY212SW5tTHpyK1hsdnBQbDZ3T29hcEhxVUZ4SENIaWlvcXhTbzdGNW5qUWJQVHJpcjV1MC8vbkVYODVybyYjeEE7RDE3T3lzSzlSY1hjYlUyNytoNjJLc3Awei9uQ0x6Zkp4L1NubVBUN1grYjZySE5jMEh0Nmd0cTRxelBSL3dEbkNUeVpDVk9yK1lOUSYjeEE7dmlLRWkyU0cxVTA2MTVpNU5EODhWWjlvWC9PTTM1TDZRVmRmTDYzMHltdnEzMHN0eFg1eHMzcGY4SmlyMFRTZEQwVFI3Y1cya2FmYiYjeEE7YWRiRHBEYVF4d0ovd01ZVVlxamNWZGlyc1ZkaXJzVmYvOWs9Ii8+IDwvcmRmOkFsdD4gPC94bXA6VGh1bWJuYWlscz4gPHhtcE1NOkRlcml2ZWRGcm9tIHN0UmVmOmluc3RhbmNlSUQ9InhtcC5paWQ6NjM1MkFCMDgxN0IyRTYxMUI4NDNBMTIyMThBRDA4OUEiIHN0UmVmOmRvY3VtZW50SUQ9InhtcC5kaWQ6NjM1MkFCMDgxN0IyRTYxMUI4NDNBMTIyMThBRDA4OUEiIHN0UmVmOm9yaWdpbmFsRG9jdW1lbnRJRD0idXVpZDo1RDIwODkyNDkzQkZEQjExOTE0QTg1OTBEMzE1MDhDOCIgc3RSZWY6cmVuZGl0aW9uQ2xhc3M9InByb29mOnBkZiIvPiA8eG1wTU06SGlzdG9yeT4gPHJkZjpTZXE+IDxyZGY6bGkgc3RFdnQ6YWN0aW9uPSJzYXZlZCIgc3RFdnQ6aW5zdGFuY2VJRD0ieG1wLmlpZDo2MzUyQUIwODE3QjJFNjExQjg0M0ExMjIxOEFEMDg5QSIgc3RFdnQ6d2hlbj0iMjAxNi0xMS0yNFQxMjo1NDoyOCswNTozMCIgc3RFdnQ6c29mdHdhcmVBZ2VudD0iQWRvYmUgSWxsdXN0cmF0b3IgQ1M2IChXaW5kb3dzKSIgc3RFdnQ6Y2hhbmdlZD0iLyIvPiA8cmRmOmxpIHN0RXZ0OmFjdGlvbj0ic2F2ZWQiIHN0RXZ0Omluc3RhbmNlSUQ9InhtcC5paWQ6NjQ1MkFCMDgxN0IyRTYxMUI4NDNBMTIyMThBRDA4OUEiIHN0RXZ0OndoZW49IjIwMTYtMTEtMjRUMTI6NTQ6NDMrMDU6MzAiIHN0RXZ0OnNvZnR3YXJlQWdlbnQ9IkFkb2JlIElsbHVzdHJhdG9yIENTNiAoV2luZG93cykiIHN0RXZ0OmNoYW5nZWQ9Ii8iLz4gPHJkZjpsaSBzdEV2dDphY3Rpb249InNhdmVkIiBzdEV2dDppbnN0YW5jZUlEPSJ4bXAuaWlkOkFCMjc1RjFEMURCMkU2MTFBRDA5RkJEMUZBRDdDOUUzIiBzdEV2dDp3aGVuPSIyMDE2LTExLTI0VDEzOjM3OjU5KzA1OjMwIiBzdEV2dDpzb2Z0d2FyZUFnZW50PSJBZG9iZSBQaG90b3Nob3AgQ2FtZXJhIFJhdyA3LjAiIHN0RXZ0OmNoYW5nZWQ9Ii9tZXRhZGF0YSIvPiA8cmRmOmxpIHN0RXZ0OmFjdGlvbj0ic2F2ZWQiIHN0RXZ0Omluc3RhbmNlSUQ9InhtcC5paWQ6NkZFRDMwNEU5RjVBRTgxMTgzRkNERDNGMEQ2MTY2QjQiIHN0RXZ0OndoZW49IjIwMTgtMDUtMThUMTg6NTk6NTgrMDU6MzAiIHN0RXZ0OnNvZnR3YXJlQWdlbnQ9IkFkb2JlIFBob3Rvc2hvcCBDYW1lcmEgUmF3IDcuMCAoV2luZG93cykiIHN0RXZ0OmNoYW5nZWQ9Ii9tZXRhZGF0YSIvPiA8L3JkZjpTZXE+IDwveG1wTU06SGlzdG9yeT4gPC9yZGY6RGVzY3JpcHRpb24+IDwvcmRmOlJERj4gPC94OnhtcG1ldGE+ICAgICAgICAgICAgICAgICAgICAgICAgICAgICAgICAgICAgICAgICAgICAgICAgICAgICAgICAgICAgICAgICAgICAgICAgICAgICAgICAgICAgICAgICAgICAgICAgICAgICAgICAgICAgICAgICAgICAgICAgICAgICAgICAgICAgICAgICAgICAgICAgICAgICAgICAgICAgICAgICAgICAgICAgICAgICAgICAgICAgICAgICAgICAgICAgICAgICAgICAgICAgICAgICAgICAgICAgICAgICAgICAgICAgICAgICAgICAgICAgICAgICAgICAgICAgICAgICAgICAgICAgICAgICAgICAgICAgICAgICAgICAgICAgICAgICAgICAgICAgICAgICAgICAgICAgICAgICAgICAgICAgICAgICAgICAgICAgICAgICAgICAgICAgICAgICAgICAgICAgICAgICAgICAgICAgICAgICAgICAgICAgICAgICAgICAgICAgICAgICAgICAgICAgICAgICAgICAgICAgICAgICAgICAgICAgICAgICAgICAgICAgICAgICAgICAgICAgICAgICAgICAgICAgICAgICAgICAgICAgICAgICAgICAgICAgICAgICAgICAgICAgICAgICAgICAgICAgICAgICAgICAgICAgICAgICAgICAgICAgICAgICAgICAgICAgICAgICAgICAgICAgICAgICAgICAgICAgICAgICAgICAgICAgICAgICAgICAgICAgICAgICAgICAgICAgICAgICAgICAgICAgICAgICAgICAgICAgICAgICAgICAgICAgICAgICAgICAgICAgICAgICAgICAgICAgICAgICAgICAgICAgICAgICAgICAgICAgICAgICAgICAgICAgICAgICAgICAgICAgICAgICAgICAgICAgICAgICAgICAgICAgICAgICAgICAgICAgICAgICAgICAgICAgICAgICAgICAgICAgICAgICAgICAgICAgICAgICAgICAgICAgICAgICAgICAgICAgICAgICAgICAgICAgICAgICAgICAgICAgICAgICAgICAgICAgICAgICAgICAgICAgICAgICAgICAgICAgICAgICAgICAgICAgICAgICAgICAgICAgICAgICAgICAgICAgICAgICAgICAgICAgICAgICAgICAgICAgICAgICAgICAgICAgICAgICAgICAgICAgICAgICAgICAgICAgICAgICAgICAgICAgICAgICAgICAgICAgICAgICAgICAgICAgICAgICAgICAgICAgICAgICAgICAgICAgICAgICAgICAgICAgICAgICAgICAgICAgICAgICAgICAgICAgICAgICAgICAgICAgICAgICAgICAgICAgICAgICAgICAgICAgICAgICAgICAgICAgICAgICAgICAgICAgICAgICAgICAgICAgICAgICAgICAgICAgICAgICAgICAgICAgICAgICAgICAgICAgICAgICAgICAgICAgICAgICAgICAgICAgICAgICAgICAgICAgICAgICAgICAgICAgICAgICAgICAgICAgICAgICAgICAgICAgICAgICAgICAgICAgICAgICAgICAgICAgICAgICAgICAgICAgICAgICAgICAgICAgICAgICAgICAgICAgICAgICAgICAgICAgICAgICAgICAgICAgICAgICAgICAgICAgICAgICAgICAgICAgICAgICAgICAgICAgICAgICAgICAgICAgICAgICAgICAgICAgICAgICAgICAgICAgICAgICAgICAgICAgICAgICAgICAgICAgICAgICAgICAgICAgICAgICAgICAgICAgICAgICAgICAgICAgICAgICAgICAgICAgICAgICAgICAgICAgICAgICAgICAgICAgICAgICAgICAgICAgICAgICAgICAgICAgICAgICAgICAgICAgICAgICAgICAgICAgICAgICAgICAgICAgICAgICAgICAgICAgICAgICAgICAgICAgICAgICAgICAgICAgICAgICAgICAgICAgICAgICAgICAgICAgICAgICAgICAgICAgICAgICAgICAgICAgICAgICAgICAgICAgICAgICAgICAgICAgICAgICAgICAgICAgICAgICAgICAgICAgICAgICAgICAgICAgICAgICAgICAgICAgICAgICAgICAgICAgICAgICAgICAgICAgICAgICAgICAgICAgICAgICAgICAgICAgICAgICAgICAgICAgICAgICAgICAgICAgICAgICAgICAgICAgICAgICAgICAgICAgICAgICAgICAgICAgICAgICAgICAgICAgICAgICAgICAgICAgICAgICAgICAgICAgICAgICAgICAgICAgICAgICAgICAgICAgICAgICAgICAgICAgICAgICAgICAgICAgICAgICAgICAgICAgICAgICAgICAgICAgICAgICAgICAgICAgICAgICAgICAgICAgICAgICAgICAgICAgICAgICAgICAgICAgICAgICAgICAgICAgICAgICAgICAgICAgICAgICAgICAgICAgICAgICAgICAgICAgICAgICAgICAgICAgICAgICAgICAgPD94cGFja2V0IGVuZD0idyI/Pv/tA+RQaG90b3Nob3AgMy4wADhCSU0D7QAAAAAAEAEsAAAAAQABASwAAAABAAE4QklNBAQAAAAAA1ocAVoAAxslRxwCAAACAAQcAgUAQExhd3llciBpY29uIHZlY3RvciBtYWxlIHVzZXIgcGVyc29uIHByb2ZpbGUgYXZhdGFyIHN5bWJvbCBmb3IgbGEcAhkACEJ1c2luZXNzHAIZAARVc2VyHAIZAARJY29uHAIZAAZQZXJzb24cAhkABlBlb3BsZRwCGQAHUHJvZmlsZRwCGQAHQWNjb3VudBwCGQAFSHVtYW4cAhkABkF2YXRhchwCGQADTWFuHAIZAAtCdXNpbmVzc21hbhwCGQAETWFsZRwCGQADQm95HAIZAAZWZWN0b3IcAhkADElsbHVzdHJhdGlvbhwCGQAFR2x5cGgcAhkACVBpY3RvZ3JhbRwCGQAGU3ltYm9sHAIZAAdHcmFwaGljHAIZAARTaWduHAIZAAtJbmZvZ3JhcGhpYxwCGQAGRGVzaWduHAIZAANBcnQcAhkABUJsYWNrHAIZAANXZWIcAhkADlVzZXIgSW50ZXJmYWNlHAIZAAlGbGF0IEljb24cAhkACENsaXAgQXJ0HAIZAAZDbGllbnQcAhkACEFkdm9jYXRlHAIZAAZMYXd5ZXIcAhkAA0xhdxwCGQAIQXR0b3JuZXkcAhkACUNvdW5zZWxvchwCGQAFTGVnYWwcAhkADFByYWN0aXRpb25lchwCGQAOUmVwcmVzZW50YXRpdmUcAhkADFByb2Zlc3Npb25hbBwCGQAHQWR2aXNlchwCGQADQmFyHAIZAAdDb3VuY2lsHAIZAARSdWxlHAIZAAlCYXJyaXN0ZXIcAhkACUNvdW5zZWxvchwCGQAJU29saWNpdG9yHAIZAAVDb3VydBwCGQAFSnVkZ2UcAhkAB0p1c3RpY2UcAhkAB1BsZWFkZXIcAhkACFRyaWJ1bmFsHAJQAA1UdWtUdWsgRGVzaWduHAJVAA1WZWN0b3IgQXJ0aXN0HAJ4AHhMYXd5ZXIgaWNvbiB2ZWN0b3IgbWFsZSB1c2VyIHBlcnNvbiBwcm9maWxlIGF2YXRhciBzeW1ib2wgZm9yIGxhdyBhbmQganVzdGljZSBpbiBmbGF0IGNvbG9yIGdseXBoIHBpY3RvZ3JhbSBpbGx1c3RyYXRpb24cAnoADVR1a1R1ayBEZXNpZ244QklNBAoAAAAAAAEBADhCSU0ECwAAAAAAG2h0dHA6Ly93d3cudHVrdHVrZGVzaWduLmNvbQA4QklNBCUAAAAAABBu9YBxQ2BqmqpAShYvrspo/9sAQwADAgIDAgIDAwMDBAMDBAUIBQUEBAUKBwcGCAwKDAwLCgsLDQ4SEA0OEQ4LCxAWEBETFBUVFQwPFxgWFBgSFBUU/9sAQwEDBAQFBAUJBQUJFA0LDRQUFBQUFBQUFBQUFBQUFBQUFBQUFBQUFBQUFBQUFBQUFBQUFBQUFBQUFBQUFBQUFBQU/8AAEQgEOAPoAwERAAIRAQMRAf/EAB4AAQABBAMBAQAAAAAAAAAAAAAJAQcICgQFBgMC/8QAYBAAAQMDAgMFBQMIBQUMBgcJAAECAwQFBgcRCBIhCRMxQVEUImFxgRUjMhYXQlJicoKRM3OSobEYGYOToiQ0Q1NWV2OVo8HS0yUnVGSywiY1OUSUs/A3dXektLXR4fH/xAAZAQEBAQEBAQAAAAAAAAAAAAAAAQIDBAX/xAApEQEBAAICAwABBAIBBQAAAAAAAQIREiEDMUFREyIyYTNxQwRCUoGh/9oADAMBAAIRAxEAPwCVMAAAAAAAAAAAAAAAAAAAAAAAAAAAAAAAAAAAAAAAAAAAAAAAAAAAAAAAAAAAAAAAAAAAAAAAAAAAAAAAAAAAAAAAAAAAAAAAAAAAAAAAAAAAAAAAAAAAAAAAAAAAAAAAAAAAAAAAAAAAAAAAAAAAAAAAAAAAAAAAAAAAAAAAAAAAAAAAAAAAAAAAAAAAAAAAAAAAAAAAAAAAAAAAAAAAAAAAAAAAAAAAAAAAAAAAAAAAAAAAAAAAAAAAAAAAAAAAAAAAAAAAAAAAAAAAAAAAAAAAAAAAAAAAAAAAAAAAAAAAAAAAAAAAAAAAAAAAAAAAAAAAAAAAAAAAAAAAAAAAAAAAAAAAAAAAAAAAAAAAAAAAAAAAAAAAAAAAAAAAAAAAAAAAAAAAAAAAAAAAAAAAAAAAAAAAAAAAAAAAAAAAAAAAAAAAAAAAAAAAAAAAAAAAAAAAAAAAAAAAAAAAAAAAAAAAAAAAAAAAAAAAAAAAAAAAAAAAAAAAAAAAAAAAAAAAAAAAAAAAAAAAAAAAAAAAAAAAAAAAAAAAAAAAAAAAAAAAAAAAAAAAAAAAAAAAAAAAAAAAAAAAAAAAAAAAAAAAAAAAAAAAAAAAAAAAAAAAAAAAAAAAAAAAAAAAAAAAAAAAAAAAAAAAAAAAAAAAAAAAAAAAAAAAAAAAAAAAAAAAAAAAAAAAAAAAAAAAAAAAAAAAAAAAAAAAAAAAAAAAAAAAAAAAAAAAAAAAAAAAAAAAAAAAAAAAAAAAAAAAAAAAAAAAAAAAAAAAAAAAAAAAAAAAAAAAAAAAAAAAAAAAAAAAAAAAAAAAAAAAAAAAAAAAAAAAAAAAAAAAAAAAAAAAAAAAAAAAAAAAAAAAAAAAAAAAAAAAAAAAAAAAAAAAAAAAAAAAAAAAAAAAAAAAAAAAAAAAAAAAAAAAAAAAAAAAAAAAAAAAAAAAAAAAAAAAAAAAAAAAAAAAAAAAAAAAAAAAAAAAAAAAAAAAAAAAAAAAAAAAAAAAAAAAAAAAAAAAAAAAAAAAAAAAAAAAAAAAAAAAAAAAAAAAAAAAAAAAAAAAAAAAAAAAAAAAAAAAAAAAAAAAAAAAAAAAAAAAAAAAAAAAAAAAAAAAAAAAAAAAAAAAAAAAAAAAAAAAAAAAAAAAAAAAAAAAAAAAAAAAAAAAAAAAAAAAAAAAAAAAAAAAAAAAAAAAAAAAAAAAAAAAAAAAAAAAAAAAAAAAAAAAAAAAAAAAAAAAAAAAAAAAAAAAAAAAAAAAAAAAAAAAAAAAAAAAAAAAAAAAAAAAAAAAAAAAAAAAAAAAAAAAAAAAAAAAAAAAAAAAAAAAAAAAAAAAAAAAAAAAAAAAAAAAAAAAAAAAAAAAAAAAAAAAAAAAAAAAAAAAAAAAAAAAAAAAAAAAAAAAAAAAAAAAAAAAAAAAAAAAAAAAAAAAAAAAAAAAAAAAAAAAAAAAAAAAAAAAAAAAAAAAAAAAAAAAAAAAAAAAAAAAAAAAAAAAAAAAAAAAAAAAAAAAAAAAAAAAAAAAAAA/PMnrv8gPN5bqbiOBRLJk2UWbHo0Tfnutwhpk2/jcgFkMs7Rzh1w/vG1WpttrpG+DLTBPXc3ydFG5v94FpMj7ZLQ2z87bfb8tvr0/C6mt0UTF+sszV/uAtzeO2+xeBXfZWl14rU/RWtusNP8AzRsbwPGXDtw7zI53sOktDAnktRfZJP8A4YGgdHU9ttnrlXuNO8bjTySSrqX/AOCoBxV7bLUvfpgWJ7enPVf+YByYO21z9q/faeY09PSOpqWf4uUDuaHtwb/Eqe2aUW2dPPuL3LH/AIwuA9dae3Bsk3Klz0ouFL+s6kvcc38kdCz/ABA9/j3bQ6NXJUZc8dzC0PXxf7JTzsT6tm3/ANkC6mLdp/w5ZOrWfl99kzu2+7uttqoNvm/u1Z/tAXrw3iD0y1D7tMa1Axm+SP6JDQ3aCST6sR3Mn8gPfo9FTffp6gVRdwKgAAAAAAAAAAAAAAAAAAAAAAAAAAAAAAAAAAAAAAAAAAAAAAAAAAAAAAAAAAAAAAAAAAAAAAAAAAAAAAAAAAAAAAAAAAAAAAAAAAAAAAAAAAAAAAAAAAAAAAAAAFFXYDo8uznHcAtEl1ya+27H7ZHvzVl0qmU8SfxPVE+gGIerHa3aG6frNTWKqueeXBnuo2zU3d0yO9Fnm5UVPixHgYgamdtHqXkDpYcLxSxYjSuVeWesV9xqW+ioq8kafVigYt6g8auuWp6yJf8AU7IJIJFXmpaGq9igVPRY4EY1U+aAWYqauetnfPUSvnmeu7pJXK5zl9VVeqgfLdV8wAAAAAAAAAAARVTwXYBzKgFxcD4jNUdMHxriuoGR2SJnhT0tylSFfnErlYv1QDJvTbtfNc8OdFFf32TN6VuyPW5UKU86p8JIFYm/xc1wGW+lfbQaaZIsNPnGMXnDKl2yOqaVW3Gkb6qqtRkifJI3AZnaWcQmm+tlKk+D5pZ8jXl5nU9JUp7RGnq+F20jP4moBcJFRQKgAAAAAAAAAAAAAAAAAAAAAAAAAAAAAAAAAAAAAAAAAAAAAAAAAAAAAAAAAAAAAAAAAAAAAAAAAAAAAAAAAAAAAAAAAAAAAAAAAAAAAAAAAAAAAAAAAAACiuRAMduIDj40c4dfaKO+5Ky7ZDDui2GxIlXVo5P0X7KjIl/rHNX4KBHFrl2xWpucOqKHT610Wn9rdu1tW5G1twcnhvzvb3bN08msVU8nAYP5vqHlGpV5fdsryG55Hcn771V0q31EiIvkivVdk+CbIB57xAAAAAAAAAAAAAAAAAAAAAA5FBcaq11kNXR1MtJVQuR8c8D1ZIxyeCtcnVF+QGWWiHah64aPup6SvvjM8skezVoslRZpUb58lSipKi7eHMr0T0AkX0A7V3R/V51Nbslnl03v8uze5vUiOoXu9GVTURqJ/WJH9QM0KKup7jSw1VLPHU00zEkimhej2PavVHNcnRUVPNAPuAAAAAAAAAAAAAAAAAAAAAAAAAAAAAAAAAAAAAAAAAAAAAAAAAAAAAAAAAAAAAAAAAAAAAAAAAAAAAAAAAAAAAAAAAAAAAAAAAAAAAAAAAAAAAAACiqiJ1Ax44mOOvS3hgp5aW/3f7WyhGc0WN2hWy1a7p0WXrywtXp1eqKqeCOAiZ4ku021c17fVW23V64Fiku7fsqxzObNKxfKap6Pf03RUbyNXzaoGIznK9VVVVVVd1VQKAAAAAAAAAAAAAAAAAAAAAAAAAAA32Avfw98ZeqvDRWRpiGRyus3Pzy2C5b1Fvl67r90q+4q+bo1a74gSxcLnamaa66Po7HlTmae5fLtG2nuE6LQVT/DaGoXZGqq/oSI1eqIiuUDNVr0cm6KB+gAAAAAAAAAAAAAAAAAAAAAAAAAAAAAAAAAAAAAAAAAAAAAAAAAAAAAAAAAAAAAAAAAAAAAAAAAAAAAAAAAAAAAAAAAAAAAAAAAAAAAAAAAAADzeoGouNaV4rW5Jlt6o7BY6NvNNW1snIxvo1PNzl8Ea1Fcq9ERQIk+Lntbskz19bjWj6VOJ4+vNFJkMqI25VaeCrEnVKdq+SpvJ4LuzqgEdtZW1Fxq5qqqnkqamZ6ySzTPV75HKu6uc5eqqq9VVQPiAAAAAAAAAAAAAAAAAAAAAAAAAAAAAAAEXYDMPhH7SvUHhxkorFfJJc3wKPaP7MrZl9pomf8Au0y7qiIn/Bu3Z02Tk33Amb0I4iME4jsPZkWD3qO5UybNqaV/3dVRSKn9HNEq7sd47L1a7bdqqnUC5QAAAAAAAAAAAAAAAAAAAAAAAAAAAAAAAAAAAAAAAAAAAAAAAAAAAAAAAAAAAAAAAAAAAAAAAAAAAAAAAAAAAAAAAAAAAAAAAAAAAAAAAAAGP/FnxoYNwmYwlTfJvtXJquNXW3HKSREqKnyR71691Fv4yOTyVGo5U2Ag34keKrPuKPLnXjMLoq0cL3ewWWlVWUVA1fKNm/Vy+b3buXzXZERAs+AAAAAAAAAAAAAAAAAAAAAAAAAAAAAAAAAAAB7TSPWTMNDM0pMpwq91Flu9P0V8S7xzM33WOVi+7IxdurXIqeC9FRFAm74Je0IxXipt8VjujYMZ1Ggj3ms7pPua1Gp70tK5y7uTzWNffb1/EicwGXCLuBUAAAAAAAAAAAAAAAAAAAAAAAAAAAAAAAAAAAAAAAAAAAAAAAAAAAAAAAAAAAAAAAAAAAAAAAAAAAAAAAAAAAAAAAAAAAAAAAAAAAAAoq7AYb8ePaD2PhdtU2M42tPfdTKqLeOjcvPBbGOT3ZqjZerlTq2LorvFdm7cwQe5zneQal5Vcckyi7VV7vlwlWWprat/M+R3l8ERE2RGoiIiIiIiImwHRAAAAAAAAAAAAAAAAAAAAAAAAAAAAAAAAAAAAAAHLtF3rrBdKS5Wysnt9wpJWz09VSyLHLDI1d2vY5Nla5FTdFQCZ3s9e0fptcoqLT3UiqhodQWNSOhuTto4b0iJ4bdEZUbeLU6P8W7L7oGf6LuBUAAAAAAAAAAAAAAAAAAAAAAAAAAAAAAAAAAAAAAAAAAAAAAAAAAAAAAAAAAAAAAAAAAAAAAAAAAAAAAAAAAAAAAAAAAAAAAAAAAABhV2hXH3RcMlgkxLEp4K7U25QczEXZ8dohcnSeVvgsip1ZGv7zvd2RwQdX2+3HJ7zW3a7VtRcrnWzOqKmsqpFklmkcu7nucvVVVV8VA4IAAAAAAAAAAAAAAAAAAAAAAAAAAAAAAAAAAAAAAAAfWkq56CqhqaaaSnqIXpJHLE5WvY5F3RyKnVFRURUVAJqOze7QRmvFup9Os/rWR6h0UP+46+VUal6hanVf69qJu5P00TmTqjkQM+kXcCoAAAAAAAAAAAAAAAAAAAAAAAAAAAAAAAAAAAAAAAAAAAAAAAAAAAAAAAAAAAAAAAAAAAAAAAAAAAAAAAAAAAAAAAAAAAAAAAAAMYeO7jKtnCbpqr6N0Fdnl4Y+Ky2yReZGKnR1TKn/FsVU6fpu2anTmVAgKyvKrvnGR3K/364T3W83Gd1TV1tS7mkmkcu6uVf+7wToidEA6oAAAAAAAAAAAAAAAAAAAAAAAAAAAAAAAAAAAAAAAAAADnWG+3DF71Q3e01k1uudDOyppaumerJIZWKjmva5OqKioi7gT4cAXGfR8V+myxXV8FJqBZGMjvFEzZqVDV6Nq4m/qPX8SJ+B+6eCt3DKoAAAAAAAAAAAAAAAAAAAAAAAAAAAAAAAAAAAAAAAAAAAAAAAAAAAAAAAAAAAAAAAAAAAAAAAAAAAAAAAAAAAAAAAAAAAAAAAAPA66a0Y9w/wCl98zjJp+7t1si5mwMciS1Uy9I4I0Xxe92yJ6dVXoiqBrr69635HxD6o3nOMnn56+vk2ip2OVYqSBu/dwRovgxidPiu7l6qqgW9AAAAAAAAAAAAAAAAAAAAAAAAAAAAAAAAAAAAAAAAAAAAALgaDa25Fw9apWTOMZm5K+3S/eU73KkVXAvSSCRE8WPb0+C7KnVEA2LtEtYcf150xsWb4zP31susCSd25UWSnkTpJDIieD2ORWr8t06KgHugAAAAAAAAAAAAAAAAAAAAAAAAAAAAAAAAAAAAAAAAAAAAAAAAAAAAAAAAAAAAAAAAAAAAAAAAAAAAAAAAAAAAAAAAAAAAACirsgEFXac8XjuIXVp2KY/W97gWKTPgpljX3K6sTdstT6OanVjF/VRzk/GBhaAAAAAAAAAAAAAAAAAAAAAAAAAAAAAAAAAAAAAAAAAAAAAAAGdPZW8WrtFNV26f5BWd3hmXTsijdK7aOhuC7Nil3XwbJ0jd/o1Xo1QJvkXdAKgAAAAAAAAAAAAAAAAAAAAAAAAAAAAAAAAAAAAAAAAAAAAAAAAAAAAAAAAAAAAAAAAAAAAAAAAAAAAAAAAAAAAAAAAAAAAMMe1B4pXaBaHPx6yVncZlmDZKGldG77ylpUTaon9UXZyRtX9Z+6fhUCCVV3AAAAAAAAAAAAAAAAAAAAAAAAAAAAAAAAAAAAAAAAAAAAAAAABVj1Y5HNVWuRd0VF2VAJ/+zn4nV4k+H+hkutV3+YY4rLXeeZd3zKjfualf6xidV/XZIBlQAAAAAAAAAAAAAAAAAAAAAAAAAAAAAAAAAAAAAAAAAAAAAAAAAAAAAAAAAAAAAAAAAAAAAAAAAAAAAAAAAAAAAAAAAAAB8auqioqaWonlZBBExXySyORGsaibqqqvgiJ1A10uNXiGn4l+ILIsrZM91ihk+z7LC5V2joolVI128lequkX4yL6AWKAAAAAAAAAAAAAAAAAAAAAAAAAAAAAAAAAAAAAAAAAAAAAAAAAAyj7OXiMXh54kbNLX1XcYtkats12RztmMbI5O6nX07uTlVV8mq/1A2BGrugFQAAAAAAAAAAAAAAAAAAAAAAAAAAAAAAAAAAAAAAAAAAAAAAAAAAAAAAAAAAAAAAAAAAAAAAAAAAAAAAAAAAAAAAAAAAYcdqdr0/RvhkuNpt9SsF+zGRbLTKxdnsp1bzVT0+Hd/d7+SzIBA8vUAAAAAAAAAAAAAAAAAAAAAAAAAAAAAAAAAAAAAAAAAAAAAAAAAAAQDYU7PfXteIDhjxm61lT7RkFob9i3ZVdu508LWo2R3xfGsb1X1c70AyUAAAAAAAAAAAAAAAAAAAAAAAAAAAAAAAAAAAAAAAAAAAAAAAAAAAAAAAAAAAAAAAAAAAAAAAAAAAAAAAAAAAAAAAAACirsiqBBl2tusy6k8T82NUs3eWrDKRttY1q7tWqftLUOT47qyNf6oDCUAAAAAAAAAAAAAAAAAAAAAAAAAAAAAAAAAAAAAAAAAAAAAAAAAAAAkH7G3WtcP1wvOntbUclvy2iWWlY53RK2mRz2om/hzRLMi+qsaBNAi7oBUAAAAAAAAAAAAAAAAAAAAAAAAAAAAAAAAAAAAAAAAAAAAAAAAAAAAAAAAAAAAAAAAAAAAAAAAAAAAAAAAAAAAAAAAdDnuX0Wn+E3/J7k5GW+zUE9xqF32+7ijc939zdgNY3Msprs5y69ZHc5O9uV3rZq+pfvvzSSvV7v73KB04AAAAAAAAAAAAAAAAAAAAAAAAAAAAAAAAAAAAAAAAAAAAAAAAAAAB63STUKt0m1OxbMrcrva7HcoK9jWrtzpG9HOYvwc1FavwVQNmvH73R5LY7fd7fKk9vr6eOrppU8HxSNR7FT5oqAdgAAAAAAAAAAAAAAAAAAAAAAAAAAAAAAAAAAAAAAAAAAAAAAAAAAAAAAAAAAAAAAAAAAAAAAAAAAAAAAAAAAAAAAAAMOu1b1LXT/hAv1DDMkVZk1ZTWWJUXryOcssvT0WOF7V/eAgcVd1AAAAAAAAAAAAAAAAAAAAAAAAAAAAAAAAAAAAAAAAAAAAAAAAAAAAABPECfrsw9T11M4PsQSeXva7H1lsNQvNvskDt4U/1L4f5AZXAAAAAAAAAAAAAAAAAAAAAAAAAAAAAAAAAAAAAAAAAAAAAAAAAAAAAAAAAAAAAAAAAAAAAAAAAAAAAAAAAAAAAAAACJrtus+dNftM8Kik5W09NVXmoj38Vke2GJV+SRTfzAi8AAAAAAAAAAAAAAAAAAAAAAAAAAAAAAAAAAAAAAAAAAAAAAAAAAAAAACU3sRdQ1bV6l4LM/dHspr3Sx7+GyrDMu38UH8gJWwAAAAAAAAAAAAAAAAAAAAAAAAAAAAAAAAAAAAAAAAAAAAAAAAAAAAAAAAAAAAAAAAAAAAAAAAAAAAAAAAAAAAAACirsigQKdqtmf5W8ZuVUzXrJBY6SjtUa+nLCkr0+j5ngYhgAAAAAAAAAAAAAAAAAAAAAAAAAAAAAAAAAAAAAAAAAAAAAAAAAAAAABl52VWb/kdxl4tTPesdPfqSstMq+vNEsrE+skLE+oE9aLuiKBUAAAAAAAAAAAAAAAAAAAAAAAAAAAAAAAAAAAAAAAAAAAAAAAAAAAAAAAAAAAAAAAAAAAAAAAAAAAAAAAAAAAAAB+XeHz6Aa03E9ljs54itS76r+dlbkVfJEqLv8Ad9+9rP8AZRoFsgAAAAAAAAAAAAAAAAAAAAAAAAAAAAAAAAAAAAAAAAAAAAAAAAAAAAAAuLw5Zc7AtfdOshR/dst2QUNRIq/8Wk7OdPq1XIBswt8Pl0A/QAAAAAAAAAAAAAAAAAAAAAAAAAAAAAAAAAAAAAAAAAAAAAAAAAAAAAAAAAAAAAAAAAAAAAAAAAAAAAAAAAAAAADqspvLMcxu63WRURlDSTVTlXw2Yxzl/wAANXKtqpa6smqZnc00z1ke71Vy7r/iB8QAAAAAAAAAAA23AbLv6fMCvKvw/mBTZf8A/gAAAAAAAAAAAAAAAAAAAAAAAAAAAAAAAAAAAAAAA/cMj4ZWSRuVj2LzNcniip1QDaGwDIEyzBsevaO5m3K3U1Yi+veRNfv/ALQHfgAAAAAAAAAAAAAAAAAAAAAAAAAAAAAAAAAAAAAAAAAAAAAAAAAAAAAAAAAAAAAAAAAAAAAAAAAAAAAAAAAAAAALS8WuTRYhwxaqXWWRIu5xqvZG5V2+8fA6NifNXPan1A1sV8QAAAAAAAAAD2el2jGca1X5LNg+MXHJbh052UMKuZCi+DpJF2ZG34vVEAzx0i7FjM742nq9RMxt2MQORHPt1ojWuqk/Zc9eWNq/FqvQDLzAOye4fMLiiW4WC5ZfUsT+nvlyk2VfXu4e7Z9FRQL1WDhC0SxljW2/SjDo1RNkfLZYJX/2ntcv94HpG6E6bsZyNwDFms/VSyU23/5YHR5Hwo6NZZQzUlz0txCeOVOVz2WaCKRP3ZGNa5q/FFRQMUNV+xo0qyx01ThV9vOC1T91bTuclxo2+mzJFSRP9YoGIepXY+63Ye6WXHJLHnFI3dWNoKz2WoVPjHPyt3+CPUDF/P8Ahw1S0tfJ+Ven+RWSJnjU1Nul7hflKiKxfo4C3GygFTbxAAAAAAAAANlA7fGsPvuaXFtvx+zXC+17vw0ttpX1Eq/JrEVQMptJ+yw171MfDNXY/TYRbX7KtVklQkMm3ntAxHS7/BzW/MDKO2dh7b0o4VuGrVUtVyp3qU1iajEd5o1XT77fMDm/5j/Hv+da6f8AUsX/AJoHDrOw6tzo19l1eqo3+XfY+1yf3VCAW/yrsSs/oYnux3ULHbu9qKrWXGlnold8N2pKgGO+pXZwcQOmUUtRU4DVX2hjRV9qx2VlwRUTxXu4171E+bEAxvuNsq7RWzUddSzUVXC5WS09RGscjHejmqiKi/MDjAACAZn5n2W2pkGmthzzT+so9RrFdrXTXRtNQp3FfGyWJsmyQuVWybc23uPVy7fh8gMNq2iqLbWT0lXBLS1dPI6KaCZisfG9q7Oa5q9UVFRUVF6oqAfEAAAAAAAAibqiAbIXBnfHZFwo6S1r3c71xmhhc71WOJI1/vYBeYAAAAAAAAAAAAAAAAAAAAAAAAAAAAAAAAAAAAAAAAAAAAAAAAAAAAAAAAAAAAAAAAAAAAAAAAAAAAAAAAAAAAABhF2veeriXCTUWeOVWTZLeKS3K1q9VjYrqh/03gai/vAQaAAAAAAAAfuCCSqmZDDG6WWRyNYxiKrnKq7IiInioElPB12SVxzGChy3Wj2qx2mRGy0+KQOWOtnb4otS9OsDV/Ub9516rGqASsYDpzjGl2N02P4nYqDHrNTp93R2+BImb+bl26ucvm526r5qoHpAAAAAAAU23AorEVNtunoBbzNOHTS/UXvFybT7Gb3K/qs9ZaoXy/STl5k+igWPyvstOHTJ3PfFhU9jmd4yWm6VMSJ8mOe5if2QLT5F2Kuk9a9z7Pl+XWty+DJ5KapYn/ZNX+8C3147Dqmfu616uzR+jKzH0d/e2oT/AAA8xV9iFlMar7NqjZ5k8lmtU0f+D3AcL/MkZ1zf/tGx3l38fY6ncDnUfYhZRIqe1apWiBPNYbTNJ/jI0D1ll7Dy3xcrrtq3VVH6zKKwtj/kr53f4AXLxfsYtGbS5sl2v2W32RNt2Oq4KeJfoyLm/wBoC9mE9nXw84Isb6PTO13Cdi797epJbgrl9VbM9zf5NAv5j2KWbEqBtDY7TQ2aib+Gmt1MynjT5NYiIB2iIieCAVAAAAFFai+QFvNWeHvTnXK3LR5zh9qyJvLyMqKmBEqYk/6Odu0jP4XIBHlxCdjBE5tTddHsldG9N3pj2RP3avnyxVTU3T0RJGr8XgRuaqaM5tolkb7FnGNV+OXJN1Yysi2ZMidOaKRN2SN/aYqoB4vwAm77InXRmpPDtLhVdUJJecKqPZUa9UVzqKVXPgd8mr3sfwRjfUC3nao8C0eWWmu1mwO2ol9oo1lyO3UzP9+QNTrVtan/AAjET3/1mJzeLV5giH8AAAAAAAADV2VANg7s2bj9qcE2l8vNzLHSVMC/6OsnYn9yIBk0AAAAAAAAAAAAAAAAAAAAAAAAAAAAAAAAAAAAAAAAAAAAAAAAAAAAAAAAAAAAAAAAAAAAAAAAAAAAAAAAAAAAAAih7b7MlfctLcVjfs2OGuukzN/HmdHFGv8AsS/zAi1AAAAAAB96GhqbpW09HR08tXV1EjYoaeBivkke5dmta1OqqqqiIieKqBNP2e3ZyUGhlBQZ/qJRQ3DUWZqTUlBJtJFZGqnRE8nVHq/wZ4N83KGfKJsBUAAAAAAAAAAAAAAAAAAAAAAAAAAAAAAAAeY1C0zxXVbG6iwZfYKDIrPP+KkuECSNRf1m79WOTyc1UVPJQIzuJnsbHMWrvmit25k6vXFr3N1/dp6lf5I2X6yAWN7Pa45fwucbdjxLMbNcMakyNkliraG4QuiVyye9A9qL0enfMYiObuio5dl6gTjPjbPErHtRzHJsrXJuip6KgEDnaUcIqcNWr/2vj9H3OBZQ+SqtzY2ryUU6LvNS/BE3RzP2HbdeRQMPgAAAAAAAJ7eymqVn4JMJYq79zU3KP/8AnZV/+YDLsAAAAAAAAAAAAAAAAAAAAAAAAAAAAAAAAAAAAAAAAAAAAAAAAAAAAAAAAAAAAAAAAAAAAAAAAAAAAAAAAAAAACi+AEHnbD5K698WsdBzqrLPj9FScn6rnulnX+6VoGDYAAAAAAJcOyl4H47BaqLWrOLc191rWc+M0NQ3/e0Cpt7Y5F/Tem6R+jfe8XN2CTdE2QCoAAAAAAAAAAAAAAAAAAAAAAAAAAAAAAAAAAAHn8pwDHM2fbJL9ZKC7S2yqjrqGWrga99JOxyOZLE5U3Y5FanVqoB6AC0HFdw/W3iY0QyDCa1I46yeP2i11kib+y1rEVYZPluqtd6te5ANcbIsfuGKX+5WW7UslDdLdUyUlVTSps6KVjla9i/FFRUA68AAAAAAE8HZMOVeC/G0Xwbcbiif/iXAZkAAAAAAAAAAAAAAAAAAAAAAAAAAAAAAAAAAAAAAAAAAAAAAAAAAAAAAAAAAAAAAAAAAAAAAAAAAAAAAAAAAAAAUcuzVX4Aa+naWXl9742dTJVdzNgqaalb8EjpIWbfzRQMYwAAAAAyg7PbhYXig10paa6U7n4XYEZcb2/b3ZWI77qm39ZXIqL+w2RfFEA2A6Wmio6eOCCJkMMbUYyONqNaxqJsiIieCInkB9QAAAAAAAAAAAAAAAAAAAAAAAAAAAAAAAAAAAAAABRU3TYCGntieHVuD6pWrVK00vd2nK09muPI3Zsdwib0cvp3sSIvxdE9fMCO4AAAAAAE83ZPxKzgpxJ3/ABlbcXJ/+LkT/uAzCAAAAAAAAAAAAAAAAAAAAAAAAAAAAAAAAAAAAAAAAAAAAAAAAAAAAAAAAAAAAAAAAAAAAAAAAAAAAAAAAAAAAA/L+rF+QGuXxx1i13F3q3Iq7q3I6uL+w/k/+UCxoAAAAIm67AbB3Z68ObOHThysdDW0qQ5RfGtvF5c5uz2yyNTkhX+rj5W7eHNzr5gZNAAAAAAAAAAAAAAAAAAAAAAAAAAAAAAAAAAAAAAAAAAsvxhaGQ8RHD1l2GpE19zmplqrW9fGOti9+HZfLmVORf2XuA1w6inkpZ5IZo3RTRuVj43oqOa5F2VFRfBUUD5gAAAABP12XFCtFwP6eKqbLMtwl/nXT/8A+AMrgAAAAAAAAAAAAAAAAAAAAAAAAAAAAAAAAAAAAAAAAAAAAAAAAAAAAAAAAAAAAAAAAAAAAAAAAAAAAAAAAAAAAMd+KPjn004U4oqTI6ye65NUR97Bj1pa2SqVi9EkkVyo2Jir4K5d12XlR2ygQL646hwataxZnmlNRyW6C/3apuTKSaRJHwpLIr+RXIiIu2+2+wHhwAAABkn2eehzdeOKXFLXWU/tFjtD1vdza5N2uhgVHNY71R8qxMVPRygbCjU2QCoAAAAAAAAAAAAAAAAAAAAAAAAAAAAAAAAAAAAAAAAAKOTdAIBO0y0STRjisyN1JT9xZcmRL/RI1uzUWZV79ieXSZsnTyRzQMUwAAAAToqATfdltxMae5VoXieldHdlo82sNJMk9rrmd06pRZpJXSU67qkjUR/VEXmTZVVu3UDOnxAqAAAAAAAAAAAAAAAAAAAAAAAAAAAAAAAAAAAAAAAAAAAAAAAAAAAAAAAAAAAAAAAAAAAAAAAAAAAAAAAAAAFpeKbXug4bNEMkzqtYyoqKKFIqCjeqolVWSLywx9Ou3Mu7tvBrXL5Aa52c5ve9SMvu2T5HcJbpe7rUOqqurmXd0j3f4IibIjU6IiIidEA6IAAAAAJguxX0kbZdMcy1DqoNqq+V7bXSPcnVKenTmerfg6STZf6pAJJgAAAAAAAAAAAAAAAAAAAAAAAAAAAAAAAAAAAAAAAAAAAEevbLaOJluhVjz2lg5q7E7gkVQ9revsdTsx26/CVsP9pwEMIAAAAAdnjGTXXDMgt18sdfPa7vb52VNJWUz+WSGVq7tc1fVFA2IeDHiPp+KDQex5eqRw3uPegvNLF4Q1saJz7J5Neitkankj0TyAvoAAAAAAAAAAAAAAAAAAAAAAAAAAAAAAAAAAAAAAAAAAAAAAAAAAAAAAAAAAAAAAAAAAAAAAAAAAAAAAAAAAESnbYauSVeS4JprSz/AO56Omffq6Nq9HSyOdDBv8WtZMv+kAjCAAAAAAniBse8F+nLdKuFrTTHViSGois0NVUsRNlSeoRZ5d/ij5XJ9AL1gAAAAAAAAAAAAAAAAAAAAAAAAAAAAAAAAAAAAAAAAAAAPD636bU2sGkWX4XVI3u75a56JrneEcjmL3b/AJtfyu+gGsxc7fUWm41VDWROgq6aV0M0T02Vj2qrXIvyVFQDjAAAAABIv2L2rsuP6xZRp9UzKlDkVu9upo1XdEqqZd12TyV0T5N/6tPQCZEAAAAAAAAAAAAAAAAAAAAAAAAAAAAAAAAAAAAAAAAAAAAAAAAAAAAAAAAAAAAAAAAAAAAAAAAAAAAAAAAAUcuzVUDXy7SXM35rxnajTd5zQW6qitULf1EghZG5P7aPX6gYygAAAC5Oi/DhqTxCXOWiwHE67IFgXaepjRsVLAu26JJPIrY2KqdURXbr5IoHu7/wP6uaY59iVnzrCq60269XiktjLjE5lTSK6aZkaNWaJzmtcvMuyOVFXbogGw/TQR00DIYmJHFGiMYxvgjU6In8gPqAAAAAAAAAAAAAAAAAAAAAAAAAAAAAAAAAAAAAAAAAAAAo5N0X1Agi4yOErNbzxvZ7jWn+J1+QOus7L9DHQQ/dxR1Sc7nPeuzI2993rd3Kie6BbHV/gT1v0Nxl2Q5Zg1TT2SNqOnrqGphrI6ZPWXuXuWNN9k5nIjd1TqBYMAAAAXy4Hc0dgPFtpXdUkWJjr7BQyORf+DqFWnfv8NpVA2NW9GoBUAAAAAAAAAAAAAAAAAAAAAAAAAAAAAAAAAAAAAAAAAAAAAAAAAAAAAAAAAAAAAAAAAAAAAAAAAAAAAAAAo5dk+qAazfEZeH5BxAalXN71e6ryW5Tbr6LVSbf3bAW8AAAPR6cYJc9T89x/ErNH3t0vVdDQU6KnRHyPRqOX9lN91X0RQNkjQ/RrHdBdMbHhOM0zYbdbIUY6XlRH1Uy/wBJPIqeL3u3VV+SJ0REA9xPTRVLOSWNkjN0dyvaipui7ouy+ioi/QD6gAAAAAAAAAAAAAAAAAAAAAAAAAAAAAAAAAAAAAAAAAAAAAD5NpomzPlSNqSvREe9Gpu5E323Xz23X+YH5raGnuNJNS1UEdTTTMdFLDMxHskY5NnNc1eioqKqKi+IGvv2hPDXBw0cQ9ytVogWHFLzEl2s7fFIYnuVHwb/APRyNc1PPl5N/EDGYAAA7zBLu+wZtj9zjXlfRXCnqWu9FZK1yf4AbRTOrd0XdF6ooH6AAAAAAAAAAAAAAAAAAAAAAAAAAAAAAAAAAAAAAAAAAAAAAAAAAAAAAAAAAAAAAAAAAAAAAAAAAAAAAAAPy/wT5p/iBq/amvdJqNlL3/jddatV+ffPA80AAAZPdmfbFuvG5pnHtzNinq6hf4KKdyf3ogGwS1NmogFQAAAAAAAAAAAAAAAAAAAAAAAAAAAAAAAAAAAAAAAAAAAAAAAAAI3+2u0+jumj+DZlHE11TZ7y+3PeidUhqYld1+CPp2/2gIdwAAD9wOVs8ap4o5FT+YG03a3K+3UrneKxMVd/XlQDlAAAAAAAAAAAAAAAAAAAAAAAAAAAAAAAAAAAAAAAAAAAAAAAAAAAAAAAAAAAAAAAAAAAAAAAAAAAAAAAAH5f1T6p/iBrG62UK2vWTO6JU2dTX6vhVPTlqZE/7gPFgAAGYvZNUXtPGjjM22/s1uuMvy/3M5n/AM4E8SeAFQAAAAAAAAAAAAAAAAAAAAAAAAAAAAAAAAAAAAAAAAAAAAAAAAAMQO1ctTbjwU5hOreZ9DWW6pavovtccar/ACkUCBYAAA51io3XG9UFK1N3T1EcSJ6q5yJ/3gbS0EaRRMY3waiNT6dAPoAAAAAAAAAAAAAAAAAAAAAAAAAAAAAAAAAAAAAAAAAAAAAAAAAAAAAAAAAAAAAAAAAAAAAAAAAAAAAAAAUcuzVX06ga4nGxj35McWurNFyciLkdZUtb+zM9Zm/3SIBZMAAAzg7Hum9o4u+fbfuMerpP5uib/wDMBOQAAAAAAAAAAAAAAAAAAAAAAAAAAAAAAAAAAAAAAAAAAAAAAAAAAAxO7UupZT8D+oSO8ZH25jfn7fAv/cBAQAAAXB4eLA7Kte9OLM1nee35HbqdW/suqY0X+7cDZmamyfVQKgAAAAAAAAAAAAAAAAAAAAAAAAAAAAAAAAAAAAAAAAAAAAAAAAAAAAAAAAAAAAAAAAAAAAAAAAAAAAAAAFF8FAgg7WfEPyZ4y79WpH3bL7baG5N9F+67hy/2oFAw3AAAM8exlg7ziuvD/KPFKxf51FKn/eBNuAAAAAAAAAAAAAAAAAAAAAAAAAAAAAAAAAAAAAAAAAAAAAAAAAAAwf7YHIG2bhElo1eiOu1+oaRG79V5e8mX/wDKQCDcAAAye7NTEHZhxoadRKzmgt9RPc5V2/CkEEj2r/b5E+oGwS1NmogFQAAAAAAAAAAAAAAAAAAAAAAAAAAAAAAAAAAAAAAAAAAAAAAAAAAAAAAAAAAAAAAAAAAAAAAAAAAAAAAAABE/23eAujuumeaxM5mywVVmqJNvwqxzZok+vPN/ICLcAAAy97KfNY8Q4y8Yp5X93DfaOstLnL4buiWVifV8LE+oE9SLuiAVAAAAAAAAAAAAAAAAAAAAAAAAAAAAAAAAAAAAAAAAAAAAAAAAAAi37bzOGR2bTDD438z5qisu07P1UY1kMS/XvJf5KBE+AAASP9ihgC3XV7O8xkiV0Nns8dvjeqdElqZUd0+PJTuT+ICYkAAAAAAAAAAAAAAAAAAAAAAAAAAAAAAAAAAAAAAAAAAAAAAAAAAAAAAAAAAAAAAAAAAAAAAAAAAAAAAAAAAMRO1N0wXUjhAyaohhSauxqeC/Qpt1RsaqyZd/hDLIv8IECQAAB6zSXPKjS/VDE8vpebv7HdKa4o1v6SRSterfqiKn1A2b7NdaW+2qjuNDM2ooqyFlRBKzwfG9qOa5PmiooHNAAAAAAAAAAAAAAAAAAAAAAAAAAAAAAAAAAAAAAAAAAAAAAAABRy7IoEDPar6oN1G4vL9Q08yzUOL0sFjiVF93nYiyTdPVJZXtX9wDD4AA8QJx+yG0vXB+FZmQVEKx1mV3Se4I5ybO9nj2giT5bxyOT98DOEAAAAAAAAAAAAAAAAAAAAAAAAAAAAAAAAAAAAAAAAAAAAAAAAAAAAAAAAAAAAAAAAAAAAAAAAAAAAAAAAAAOryjHqLLcbutjuUXf2650stFUxL+nFIxWPT6tcoGstqvp5cNJtS8nw26NVK6x3Gegkcqbc/I9Ua9Pg5uzk+DkA8oAAJ0UCenst9b2avcK9kttTUd7e8Rf9hVbXL7yxMTmpn7eixK1u/rG4DL8AAAAAAAAAAAAAAAAAAAAAAAAAAAAAAAAAAAAAAAAAAAAAAAAHjNZNTLdo5pblGbXVzUorHQS1rmKu3eOa33I0+L3q1qfFyAazuUZHX5hkt1vt0mWoudzq5a2qmX9OWR6vev1c5QOsAAdxhuK3DOsts2OWmFai6XashoaWJP0pZXoxqfzcgGzTplgtDpjp7jeJWxqJQWO3QW6Fdtlc2JiM5l+KqiqvxUD04AAAAAAAAAAAAAAAAAAAAAAAAAAAAAAAAAAAAAAAAAAAAAAAAAAAAAAAAAAAAAAAAAAAAAAAAAAAAAAAAAAUXqBDn2y2gjsW1PsWqdupuW3ZLClBcXtTo2thbsxyr6vhRET+pcBHIAAAZbdmlxNR8O/EDS014q/ZsQyprLXc3vXZkEiu/3PUL8GPVWqq+DZHr5AT4tXdAKgAAAAAAAAAAAAAAAAAAAAAAAAAAAAAAAAAAAAAAAAAAAAACngBFZ2yXE1G6K06K2OrR8nNHdchWN34dutNTu/n3qp8IvUCKsAAAz47IHQN2oWvFXn9wplfZsMg54HPb7slfMjmRJ8eRneP8AgvJ6gTXomybAVAAAAAAAAAAAAAAAAAAAAAAAAAAAAAAAAAAAAAAAAAAAAAAAAAAAAAAAAAAAAAAAAAAAAAAAAAAAAAAAAAAABaXim0GoOJHQ/JcGrFZFU1sHe2+qen+9qyP3oZPXbmTZ23i1zk8wNcTJ8aueG5Hc7DeaOS33a21MlJV0sybPilY5WvavyVFA6wAAAmJ7NDtBLdm+OWrSjUW6so8soGNpbNda2XlbdIUTZkL3r079qbNTf+kRE8XIvMEjvOnr19APxBVQ1SPWGVkqMerHcjkXlcnii+ip6AfUAAAAAAAAAAAAAAAAAAAAAAAAAAAAAAAAAAAAAAAAAH4llZBG+SR7WRsRXOc5dkRE8VVQKQ1EU8TJI5GyRvajmuau6ORfBUXzQDG7jS418W4UMGqFdUU91zythVLRYEfu9XL0SedE6shavXrsr1Tlb5qgQCZhl13z7Kbrkd/rpbnebpUvq6urmXd0sj13cvw+CJ0RNkTogHTgAOTa7ZV3u50lvoKeSrrquZkEFPC3mfLI5yNaxqeaqqoiJ8QNivgw4dKfhj0DsGIubG69vatfeZ49lSWtkRFkTdPFGIjY0X0jRfMC+gAAAAAAAAAAAAAAAAAAAAAAAAAAAAAAAAAAAAAAAAAAAAAAAAAAAAAAAAAAAAAAAAAAAAAAAAAAAAAAAAAAAAFFTdAIvu1l4KZr7FPrdhdB3lXTRI3J6GnZu6SJqIjK1ETxVjURsn7KNd+i5QImfAAAAI5Wrui7KBeuy8a2uuPYwmP0GqeSwWtsfdMZ7ar5I2bbI1krt5GIieHK5NvICQ7sYNbp8kxXO9PrrWy1Vxoa1L9SvqHq+SSOdUZUdVXddpWscqr5zKoEl4AAAAAAAAAAAAAAAAAAAAAAAAAAAAAAAAAAAAAAAAAMa+0P1iTRfhPzW4wT9xdbtB9h29U6O72p3Y5Wr6ti71/8IEIuJ8WmsmC4vT45YNS8mtVkpm8lPR09xejYG7bI2Nd92NT9VqoiegFs75frlk92qrpeLhVXW51T+8nrK2Z000zv1nvcqq5fiqgcEAA8QJQ+yZ4K5q65U2t2ZUDoqOmVUxiiqGf00nVHVqov6LerY/V27v0WqoSyImyAVAAAAAAAAAAAAAAAAAAAAAAAAAAAAAAAAAAAAAAAAAAAAAAAAAAAAAAAAAAAAAAAAAAAAAAAAAAAAAAAAAAAAAAfiaFlRE+ORjZI3orXMcm6ORfFFTzQCKvjT7Jisq7rXZlohTQvjqHOmq8OfI2Lu3L1c6je5Ubyr4905U2/RVU2agRn5xp1lOml4W1ZZjt0xu47K5KW60clO9zUXbmRHom6bp4pugHngAADIHgN1rTQfihwzIKmfuLPV1H2Tc1Vdm+zVGzHOd8GOVkn+jA2Jmr0+IFQAAAAAAAAAAAAAAAAAAAAAAAAAAAAAAAAAAAAAABRQIeu2g1s/KHUzF9MqGfmpcepVuVwa1ei1c6bRtcnqyFEVP65QI3QAADnWKw3LKLzRWiz0FTdLrWzNp6Wio4nSzTyOXZrGMaiq5VXwRAJKODTslrzc7vQ5brbTNtlogcksGJNkR1RVKnVPaXNXaOP1jRVe7wXk8FCWuhoae20cFJSQR0tLBG2KKCFiMZGxqbNa1qdERERERE6IiAfcAAAAAAAAAAAAAAAAAAAAAAAAAAAAAAAAAAAAAAAAAAAAAAAAAAAAAAAAAAAAAAAAAAAAAAAAAAAAAAAAAAAAAAAAUVNwMAu2H0OXO9BbbnlBT89zw6r5p1a3dy0M6tZJ8V5ZEhd8E51AhV8AAAAniBsO8Aeuya/8MWJ3upqO/vlui+x7tuu7vaYERvO74vjWOT+NQMiwAAAAAAAAAAAAAAAAAAAAAAAAAAAAAAAAAAAAAAB0uZ5ZbcExK85HeZ0pbTaaOWuq5nfoRRsV7l/kiga0WsWpdx1j1SyjNrqq+23y4S1rmKu/dNc73I0+DGI1qfBqAeOAAAM/Ox40OXO9ebln1dTq+14dSb07nN3a6unRzI/Hx5Y0md8F5AJq0RGoiImwFQAAAAAAAAAAAAAAAAAAAAAAAAAAAAAAAAAAAAAAAAAAAAAAAAAAAAAAAAAAAAAAAAAAAAAAAAAAAAAAAAAAAAAAAAAAdHnGIW3P8OveNXiBKi03iimoKuJf0opGKx312XovrsBrQ6u6bXPR7U7JsKvDFbcLHXy0UjttkkRrvckT9l7eVyfByAeRAAAM/ex/wCIFNPNb67Ty51Pd2fMokSl53e7HcIUV0fy7xneM+LkjQCapF3TcCoAAAAAAAAAAAAAAAAAAAAAAAAAAAAAAAAAAAAABHr2xHECmDaN2zTW21PJd8ul72saxfejt8LkVUX07yXkb8UZIgEMPiAAAEA2Dezr0HXQXhexmgrKb2e/3xv25dEc3Z7ZZmtVkbvRWRJG1U9Ud6gZNgAAAAAAAAAAAAAAAAAAAAAAAAAAAAAAAAAAAAAAAAAAAAAAAAAAAAAAAAAAAAAAAAAAAAAAAAAAAAAAAAAAAAAAAAAAAAIj+2e4f3WrKMb1dtlN/uW6NbZrw5jeiVEbVWnkd+9Gjmb/APRN9QIxwAADsMdv9fil/tt6tVS+juduqY6ulqY12dFLG5HMcnxRyIoGyVw162W/iF0UxbO6DkY650qLV07F39nqme5PF6+69Hbb+KK1fMC5wAAAAAAAAAAAAAAAAAAAAAAAAAAAAAAAAAAAADj19bBbaKerqpmU9NBG6WWaVyNbGxqbucqr4IiIq/QDXK4x9fZuJLiCyfMUe9bQ6X2K0RP/AODoot2xdPJXe9IqfrSOAsoAAAZF8AnD+7iI4lsastVTLPj1sf8AbF4VW7t9mhci92v9ZIscfyevoBsNsbytRPD5AfoAAAAAAAAAAAAAAAAAAAAAAAAAAAAAAAAAAAAAAAAAAAAAAAAAAAAAAAAAAAAAAAAAAAAAAAAAAAAAAAAAAAAAAAAAAAABbTiO0Xt/EDotleCXDkYl2pHNpqh6b+z1Lffgl/hka1V28U3TzA1tMlx24YjkVzsd2pn0V0ttTJR1VNImzopY3K17V+SoqAdaAAASMdj1xLphOo1x0mvVXyWfJ3LVWpZHe7FcGN95ieSd7G3b96JiJ+ICY9F3QCoAAAAAAAAAAAAAAAAAAAAAAAAAAAAAAAAAAAGCHa0cSyaT6JMwG0VXd5LmjX08vdu2fBbm9J3fDvFVIk38UWT0AhG8QAAB4gTg9kvw7fmn0BXM7pS91kGbOZWpzt2fFQM3Snb8Ofd8vxR7PQDOcAAAAAAAAAAAAAAAAAAAAAAAAAAAAAAAAAAAAAAAAAAAAAAAAAAAAAAAAAAAAAAAAAAAAAAAAAAAAAAAAAAAAAAAAAAAAAAoqbpsBDX2wvDcuEam27Va0UvJZsp2pbn3bdmxXCNnRy+Sd7G3f4ujevmBHYAAAc6xXuvxm90F3tdVJQ3KgqI6qlqoV2fDKxyOY9q+qKiL9ANjThH4hrfxN6G2DNKZ0cdykZ7LdqONf97VsaIkrNvJF3R7f2XtAvMAAAAAAAAAAAAAAAAAAAAAAAAAAAAAAAAAADrMmyO24hj1yvl4rI7farbTSVdXVTLsyGJjVc9y/BERVA1x+K7X+4cS+uWRZxWd5FRVEns9spJF39loo90hj+e27nernuXzAtEAAAXt4N+Hyp4l9fscw9I5PsdJPbrxOz/gqGJUWXr5K7dsaL+tIgGxlbqCntdDT0dJAympaeNsMMMTeVsbGoiNaieSIiIifIDkgAAAAAAAAAAAAAAAAAAAAAAAAAAAAAAAAAAAAAAAAAAAAAAAAAAAAAAAAAAAAAAAAAAAAAAAAAAAAAAAAAAAAAAAAAAAAAAC2fEfoja+IfRrJcEuvJG250y+y1Tm7rS1LfehmTz916Jvt4pzJ5ga3eZYjdcCyu743fKR9DeLVVSUVXTPTrHKxytcnxTdOi+abKB04AABmN2ZXFcnDvrWyx32s7nCMsfHRVrpHL3dJU77QVPoiIrlY9f1X7r+BAJ4UXdAKgAAAAAAAAAAAAAAAAAAAAAAAAAAAAAAAABF/wBsHxXparTTaJY5V7Vla2OuyOSJyoscO6OgpV283qiSOT9VI/JygRLgAABOoE4/ZTcMi6MaGpmV5pFhyrNGx1ipI3Z9PQJ1p4+vgr91lX99iL+EDOEAAAAAAAAAAAAAAAAAAAAAAAAAAAAAAAAAAAAAAAAAAAAAAAAAAAAAAAAAAAAAAAAAAAAAAAAAAAAAAAAAAAAAAAAAAAAAAAAKKm6ARN9sVwtewXGh1ssFJtT1Sx27ImRN/DKictPUr+8iJE5fVsfm4CLwAAAIuwE4XZbcXrddNLEwXI63vc4xOBkXPK7d9fQJs2ObdfFzOkb/AOBy9XKBnMAAAAAAAAAAAAAAAAAAAAAAAAAAAAAAAALQ8VHETZuGHRu85rdVjnqom+z2y3vdstbWPRe7iTz26K5yp4Na5fQDXQzjNLxqLl94yfIK19wvV2qpKyrqZF6vkeu67eiJ4IidEREROiAdIAAAZM9n5wvv4nde7fQXCndJh9j5bnfHqnuvia77un+cr05dvHlSRU8ANguCFlPEyONjY42IjWsYmyNRPBETyQD6AAAAAAAAAAAAAAAAAAAAAAAAAAAAAAAAAAAAAAAAAAAAAAAAAAAAAAAAAAAAAAAAAAAAAAAAAAAAAAAAAAAAAAAAAAAAAAAAAA89qDglm1Owm94pkNIldZbxSyUdVAvi5jk23RfJyLsqL5KiL5Aa4nEdoXeuHLWHIMFvaK+Sgm5qSr5dm1lK7rDM395u26eTkcnkBbMAAA9xoprBkGg2ptizfGajubpap0kSNyr3dRGvSSGRE8WPaqtX57p1RANi7QXWzHuIXS2yZxjU3NQXGLeSne5FlpJ06SQSbeD2O6fFNlToqAXCAAAAAAAAAAAAAAAAAAAAAAAAAAAAAAca5XGltFvqa6tqIqSjponTT1E70YyKNqK5znOXoiIiKqqvgiAQA9oBxeVPFVq9I+2TTRYJYlfSWSlfuiSpv95VOb+tIqJsi+DEYnjvuGLwAAB97fQVN1rqeio4JKqrqJGwwwQtVz5HuVEa1qJ1VVVURE+IGwtwJ8L9Pwt6FW2yVMUa5Xc+W436oYqO3qXN6Qovm2JuzE8lXnd+kBkWAAAAAAAAAAAAAAAAAAAAAAAAAAAAAAAAAAAAAAAAAAAAAAAAAAAAAAAAAAAAAAAAAAAAAAAAAAAAAAAAAAAAAAAAAAAAAAAAAAAAwq7TzhFXiD0k/KrHaLvs7xOJ89OyNPfrqP8AFNT9OrnJssjE9Uc1PxgQWL0AAAAGWfZ58ZtRwr6m+wXqaWbT3IJGRXWBN3exyeDKtjfVvg9E/Ez1VrQJ7Ldcaa7UFNW0VRFV0dTE2aCogej45Y3Iitc1ydFRUVFRU8UUDkgAAAAAAAAAAAAAAAAAAAAAAAAAAAoq7ARSdrBxupUurND8Jrt2MciZRcKd/RzkXdKFrk9F2WXbz2Z5PQCLMAAAASS9kXwirmOVu1nyaj3stkmdDYIpU6VNanR9Rsvi2LfZq/8AGLv4xgTBImyAVAAAAAAAAAAAAAAAAAAAAAAAAAAAAAAAAAAAAAAAAAAAAAAAAAAAAAAAAAAAAAAAAAAAAAAAAAAAAAAAAAAAAAAAAAAAAAAAAAAAAUVNwISO1M4OHaJaiu1ExehVmD5PUOdPFCzaO217t3Pj2TwZJs57PJF529ERu4YHgAAACTLstOPFmI1VDo3qDcuSy1Mnd45dap/Sklcv+9JHL4RuVfcVfwuXl8HJyhLqi7oBUAAAAAAAAAAAAAAAAAAAAAAAAAAMJu0e46Kfhvw1+H4lWxyal3mBe7dGqO+yad3T2hyf8YvVI2r5orl6IiOCDSqqpq2plqKiV888r1kkllcrnPcq7q5VXqqqq7qoHzAAALv8KvDjfOKHWK04ZaUkgo3L7RdLk1u7aGjaqd5Kv7XVGtTzc5qeG6oGxTgOC2XTPDLNi2O0TLfZLTSspKSnZ+ixqbdV83L1VVXqqqqr4gegAAAAAAAAAAAAAAAAAAAAAAAAAAAAAAAAAAAAAAAAAAAAAAAAAAAAAAAAAAAAAAAAAAAAAAAAAAAAAAAAAAAAAAAAAAAAAAAAAAAAAAHktVtMMf1l0+veG5RRpXWS706wTx+Dm+bZGL+i9rkRzV8lagGuzxM8PORcMmrV2wrIGLIkK99QXBrdo66kcq93M357Kjk/Rc1yeQFqgAAAi7ATC9md2g7NQqO3aTakXLbKoGJBY7zVP/8ArNiJs2nlcv8Aw7UTZrl/pETZffT3wkiRdwKgAAAAAAAAAAAAAAAAAAAAAAAGMXHHxq2LhLwNUhWC6Z7dInJZ7O526N8vaZ0TqkTV8uivVOVP0nNCA7NczveomV3TJcjuU93vlzndU1dbUO3fK9fP0RETZEROiIiIiIiIB0oAABzrFY7hk16obRaqOa4XOunZTUtJTtV0k0r3I1rGoniqqqIgGwLwI8I1DwoaRQ0FVHDPm14RlVfq6PZyd5t7tOx3nHEiqierle7zREDJUAAAAAAAAAAAAAAAAAAAAAAAAAAAAAAAAAAAAAAAAAAAAAAAAAAAAAAAAAAAAAAAAAAAAAAAAAAAAAAAAAAAAAAAAAAAAAAAAAAAAAAAAGN3HLwhWviy0ploI2Q0maWlH1FiucnRGSKnvQSL491JsiL+qqNd12VFDX8yjF7thWRXKw32gntd4t076Wro6lvLJDK1dnNVPgoHVgAAH0pqmWjqI54JHwzRuR7JI3K1zXIu6Kip1RUXzAmQ7O7tIqfVaC3aa6oXBlNmzEbBa73UORrLuidGxyL4JUei+En7/RwSJou4FQAAAAAAAAAAAAAAAAAAAAAMZuNTjexfhKxBWqsN6zu4QqtqsKP+aJPPt1ZCi/V6pyt/Sc0IGdTtTsl1hze6Zblt0mu99uUvez1Mq/RrGtTo1jU2RrU6IiIiAeWAAACJuBL52VfA2uFWyl1lzq28l/roebHbfUs96jp3t61TkXwkkauzP1WKq+L/AHQkrRNkAqAAAAAAAAAAAAAAAAAAAAAAAAAAAAAAAAAAAAAAAAAAAAAAAAAAAAAAAAAAAAAAAAAAAAAAAAAAAAAAAAAAAAAAAAAAAAAAAAAAAAAAAACniBgF2mfAb+fGxz6l4NQoufWun/3dQQN968UzE6bInjPGie75vanL1VGAQrPY6J7mORWuauyoqbKigUAAAP1HI6GRr2OVj2rujmrsqL6gSpcA/akNSO3ae61XTlVvLT2zMKp3RU8GxVrv5Ik/9vzeBKhBPHUwslie2SN7Uc17F3RyL1RUXzQD6AAAAAAAAAAAAAAAAAACirsBhdxzdozjnDVQ1mLYrJTZHqXIzl9l356a1bp0fUqi9X+aQou6+LuVNuYIRs5zq/6lZXcslye61N7vtxlWaqrat/M+R3+CIibIjU2RERERERNgOiAAAAGf3ZmcBjtbb9TamZ1QL+QVrn3oKGoZ7t4qWL5ovjAxye95PcnL1RHgTUMajGo1ERERNkRPID9AAAAAAAAAAAAAAAAAAAAAAAAAAAAAAAAAAAAAAAAAAAAAAAAAAAAAAAAAAAAAAAAAAAAAAAAAAAAAAAAAAAAAAAAAAAAAAAAAAAAAAAAAAAKKm6ARXdpx2erp3XXWPTS27v8AeqsksVIzq7zfWwtTz85Gp8Xp+kBFSqbKAAAAAGafBV2lOV8NrqLFsrbUZbp01UYylV+9ZbG+tM5y7KxP+JcqN/VVnXcJn9JNZcO1yw+mybCb7S320zdFkgdtJC/bdY5Y196N6ebXIi/RdwPbAAAAAAAAAAAAAAAAOBfL7bsatNXdLtXU1sttJGs1RWVkrYoYWJ4ue9yojUT1VQIrONPtaJLiyuw3RCokpoF5oavMnMVkj08FSjavVif9M5N/1UTo8CL6rq56+qmqamaSoqJnukkllcrnvcq7q5yr1VVVd1VQPkAAAAMuuATgUunFVl6Xm+xT27TW0zolfWt3Y+ukTZfZYXeqptzvT8DV/WVoE7uO49bcTsVBZrPQwW21UEDKalo6ZiMjhiamzWNangiIgHYgAAAAAAAAAAAAAAAAAAAAAAAAAAAAAAAAAAAAAAAAAAAAAAAAAAAAAAAAAAAAAAAAAAAAAAAAAAAAAAAAAAAAAAAAAAAAAAAAAAAAAAAAAAAACjmo5NlAiP7SHs4XYw+6ar6V2xXWVyuqb5jtJH1ol8X1NOxP+C8VexPwdXJ7m6MCMhU2UAAAAAPe6Na6ZxoDlseRYNkFTY7gmzZmxLzQ1LEXfu5ol3bI34OTp4psvUCWzhb7W3BdUGUdj1NjhwDJnbRpcFcq2qpd694u6wKvpJu1P1/IDPehr6a5UkNVSTxVNNMxJIpoXo9kjVTdHNcnRUVPNAOQAAAAAAAAAAAKK5EAxW4nO0a0p4cI6u2pcEzHMYkVqWGyytf3T/Som6sh+Ke8/wDYAh+4neNjUvinubm5Lc0t+Nxyc9LjltV0dHFt+Fz033len671Xbryo1F2AsEAAAAAGU/A1wM5BxZZclbWJPZtPLbMiXO8I3Z0zk2X2an36OkVNt3dUYi7ruqta4J48FwWxaa4la8Yxm2QWexWyFIKWip27Mjan96qq7qrl3VVVVVVVQO+AAAAAAAAAAAAAAAAAAAAAAAAAAAAAAAAAAAAAAAAAAAAAAAAAAAAAAAAAAAAAAAAAAAAAAAAAAAAAAAAAAAAAAAAAAAAAAAAAAAAAAAAAAAAAAABRzUcioqbooEVHaF9mQ5r7lqXo7auZq81Td8To4+qebp6RieXiroU+Ks/VQIsHNVjlRUVFToqKBQAAAAPAC9mgXGTqxw21DGYdk8zbOj+aSxXFPaaCTzX7py+4q+bo1a74gSQ6Hds1guTsp6HU3H6zDbguzX3O2o6toHL5uVqfexp8EST5gZyaba2YHrBQJWYXl1nyWHl5nNt1YySSNP249+di/ByIoHtkci+fX0AqAAAUAK5E8wPJag6uYVpTblrsxyq0YzTcvM190rY4Ff8Gtcu7l+DUVQMO9W+2G0dwltRT4hSXfP7gzdGPpofYqNVTyWWVOfb4tjUCPXiF7SjWXXxlVbkvDcMxmbdq2jHldD3jPSWffvJN06Km7Wr+qBimqqviAAAAAADMDgT7P6/8Ut6hyG/NqbDppSTbT3FG8s1xc1fehpt06+jpOrW9UTd3RAnLwfB7FpvilsxrGbXT2ax22FIKWipW8rI2p/eqqu6q5d1VVVVVVUDvQAAAAAAAAAAAAAAAAAAAAAAAAAAAAAAAAAAAAAAAAAAAAAAAAAAAAAAAAAAAAAAAAAAAAAAAAAAAAAAAAAAAAAAAAAAAAAAAAAAAAAAAAAAAAAAAAAFFTcCP7jv7Me2a1rX5zpjBS2PO3c01Za90ipLu7xV2/hFOv634Xr+LZVV4ENuUYtd8JyCvsV/ttVaLxQSrBVUNZEscsL08WuavVP+9OqdAOrAAAAAABybfc6u01sVZQ1U1HVxO5o56eRY5GL6o5FRUAv9p/2gnEBpuyKK26l3aupo+ns965Li1U9N52vcifJUAvxi/bP6xWpjYrxjmJXxibbyezT00q/Vkqt/2QPf0Xbh3qNiJWaS0E7/ADdBfZI0/ksDv8QPzde3Cvs0Tm23Se30snk+rvckyf2Wws/xAttkPbLa33WR6W604jZolTZvc2+aZ6fWSZUX+QFp877SbiHz+gkoarUOqtNI/dFZY6aGgf8A62JqSJ/aAxxvF8uOQ3GavutfU3KumXmkqqyZ0sr19Ve5VVf5gcIAAAAAABE3AkY4Fey4uepElvzrV2iqLPiS8s9FjsnNFV3JPFHTeDoYV9Oj3p4cqbKoTBWWyUGOWmjtlroqe3W6jibBT0lLEkcUMbU2axjU6NRE6IiAc4AAAAAAAAAAAAAAAAAAAAAAAAAAAAAAAAAAAAAAAAAAAAAAAAAAAAAAAAAAAAAAAAAAAAAAAAAAAAAAAAAAAAAAAAAAAAAAAAAAAAAAAAAAAAAAAAAAAAU8QMeeLHgiwHiwsSpeaf7Gyuni5KHJaGNPaIfRkidEmi3/AEHLum68rmqqqBCRxLcIuofCzka0OXWtZLTPIraC/USK+irE9Gv291+3jG/ZyeipsqhZUAAAAAAAAAAAAAAAAAAAAHqdNdLsr1gy2kxnDbFWZBe6pfu6WjZuqN83vcuzWMTfq9yo1PNQJi+Czsusa0OdQ5dqL7Jl2cs5ZoKTl57fa3+KKxHJ99Kn/GOTZF/C3dEcoZ5omwFQAAAAAAAAAAAAAAAAAAAAAAAAAAAAAAAAAAAAAAAAAAAAAAAAAAAAAAAAAAAAAAAAAAAAAAAAAAAAAAAAAAAAAAAAAAAAAAAAAAAAAAAAAAAAAAAAAAAAAAAOmy3D7JnmPVtiyK1Ud7s9azu6ihroWyxSt+LXdOnii+KL1TYCLniu7Hqopn1mR6I1XtEPWR+JXKfZ7fhTVDl2cnoyVUX9teiARm5Zh98wS/1djyK0VtjvFI7knobhA6GaNfi1yIv18FA6gAAAAAAAAAAAAAAAB+o43zPaxjVe9yoiNam6qvogGcPCx2VWomtT6O95y2fTzEH7SIlXF/6Sq2eP3cDv6NF/Xl28UVGuQCXrQvh0wHhyxVthwawwWqB6NWpq3feVVY9P05pV956+OydGpuvKiJ0AuWAAAAAAAAAAAAAAAAAAAAAAAAAAAAAAAAAAAAAAAAAAAAAAAAAAAAAAAAAAAAAAAAAAAAAAAAAAAAAAAAAAAAAAAAAAAAAAAAAAAAAAAAAAAAAAAAAAAAAAAAAAAKbbgWz1t4b9OuIexpbM7xikvSMaraesVO7q6Xfzinbs9nXrsi8q7dUUCMniE7GnKsbfU3TSW+x5Vb03c2yXh7KauYnk1kvSKX+Lu/qBgBn2meWaWXx9ny/HbljdzZv/ALmudM+FzkT9JvMmzm/Fu6L6geZ8AAAAAAAAAAAByrZaa293CCht9HPX107kZDTU0TpJZHL4I1rUVVX4IgGZ2gPZPav6tPpq/KoY9NrBJs5ZbuxX1z2/sUrVRyL/AFrmfUCT/hw4AtJOGv2evs1k+3MojRFXIb3yz1LXesSbIyHz/A1HbLsrlAyQRNgKgAAAAAAAAAAAAAAAAAAAAAAAAAAAAAAAAAAAAAAAAAAAAAAAAAAAAAAAAAAAAAAAAAAAAAAAAAAAAAAAAAAAAAAAAAAAAAAAAAAAAAABQBuBRXtT9JP5gVRyL4LuBRXInr/ID8yTMiYr3uRjU8XOXZE/mB5i96r4VjSOW75fYbUjfFa66QQ7f2noBa/KOPDh/wAQR/t+q+OSqzfdtuqVrnfygR4FiM/7Y7RTGopGY7Q5FmFT/wAG6no0pIF+b5nI5PoxQMkeFDiHpeKHRW057T21LLLVz1NPUW1Kjv1ppIpXNRqv5W8yqzkd+FPxgXhAAAAAAAAAAAFFTcDocywLG9Q7LLaMosNtyG1yfio7pSsqIlX15XoqIvxTqBhvq32Qei2evmqsYfdcAr3qqo22z+00m6+awzbqifBj2oBiBqP2MmrONvklxLIMfzGlbvyRvkfb6l3p7kiOj/7QDHDNOBzXrAVk+1tK8jeyP8UtupPb40+PPAr02AtDesTveNyuiu1nr7XI3orK2lkhVPo5EA6vlVfT+YDlX4fzQDkUFsrLpMkNHSzVcq9EZBG57l+iIoFzcQ4UdZM8e1LHpjlVbG7baf7Kmih/1j2tb/eBkJp52RGvOYPifeqWyYXTO95y3W4tmlRvwjp0k6/BVQDLLSnsWsAx90NTnuXXbLZ2+86jt0bbfSqvm1y7vkcnxRzAM2NKOHrTjQ+i9mwbDbTjm7eR9RSwItTKno+d28j/AOJygXDREQCoAAAAAAAAAAAAWc4suIqk4XNF7nnlRbEvUtNU01NT2xaj2dal8sqNVqP5XbKjOd/gv4AMccB7Y7RTJYo2ZDRZFh9T/wAI6pokq4E+T4XOcv1YgF98X479AMvRnsGq+NxK/bZtxqloXfynRgFz7JqvhWSoi2jLrDdUd4LRXSCbf+y9QPTxzMlYj2OR7V8HNXdF/kB+uZF9f5AVVyJ4rt8wKI9q+Dk/mBXcCoAAAAAAAAAAAAAAAAAAAAAAAAAAAAAAAAAAAAAAAAAAAAAAAAAAAAAAAAAAAAAAAAAAAAAAAAAAAAKcydevh6AdDlef4zglEtZkmQWrH6RE37+61sdMzb5vcgGPmb9pdw74Qr45NQae81Ld9obHSTVnN8pGM7v/AGgLG5X21mmFue9mP4XlN6c3wfVrT0cbvkvPI7/ZAtNkXbf3+oc9LFpZbaJv6Lrjd5ahfqjI4/8AEC3F87ZnW+5PclDZsOtUa+HdW+eVyfV86p/cB4i69q3xH3DmSDL6C2o7ypLJSdPkr2OUDyNw7RbiNum/f6p3Vm//ALNBTQf/AARIB5e48aGu90RyT6uZiiO8UhvE0Sf7DkA8rcNf9T7tv7dqNltai+KVF8qnp/fIB5W5ZReLyqrX3WurVXxWoqXyb/2lUDrObp5fyAbrt4gAJK+xm4g48dzTIdJbrUpHTX5PtW0I92ye1xs2mjT4via13+hX1Al8RdwKgAAAAAAAAAAAAAoA5U9APlPSxVMaxzRtljXxbIiORfooHQVmmmJXFyuqsYs1S5fFZrdC9V/m0D40+k+FUjuaDEbDC5POO1wN/wAGAd/Q2mitkfJR0sFKzw5YImsT+5EA5XKm3r8wK7IgFQAAAAAAAAAAAAAAKKuyAQ/9svxBx5NneP6TWqpSSlx5PtO7cjt0WslZtFGvXxZEqu/0/wAAI2AG67eIDm6eX8gO0tuU3mzKi0F2rqJU8Fp6l8e39lUA9Tb+IDU+07ew6jZbRInglPfKpif3SAeqt3Gjrva0akGrmYqjfBJrxNKn+2qgeot/aL8Rtr27jVO6v2/9pgpp/wD44lA9fau1c4jrfypPl1BckTyq7JSdfmrGNUD29j7ZrW62ualdZcOusaePeW+eJy/Vk6J/cBcfHe2/v1O5iX3Su3Vrf0nW68SU6/RHxv8A8QLtYn21el1xexmQYZlNkc7xfS+z1kbfmvOx3+yBfLCO0r4d84VkcWodNZ6ly7LDfKWai5fm97O7/wBoDIPFs7xvOaJKzHL/AGy/0ipuk9rrI6ln82OVAO85k9QKgAAAAAAAAAAAAAAAAAAAAAAAAAAAAAAAAAAAAAAAAAAAAAAAAAAAAAAAAAAAAAAAAAHCu15oLDbp6+5VtPb6GnbzzVVVK2KKNvmrnuVERPmoGJOsPao6E6WOnpbfe6nOrpHu32fGoUlhR3lvUPVsap8WK/5AYZ6ndtPqFfHTQYPh1lxamcuzai5PfcKlE8lT+jjRfgrXAYvZ9x169akrKl41Qv0UMi+9T2qdLfEqenLToxFT57gWRuV2rbzVyVVfVz11VJ1fNUyOke75ucqqBxVVV8wAAAAAAAAAAAAAd1hWY3bT3LrNk1iq3UN4tNXHW0lQz9CRjkc1V9U3TZU80VU8wNj3hp14s/Eho3j+dWdWxe3RclbRou60dWzZJoV8/dd4Kvi1Wr5gXRAAAAAAAAAAAAAAAAAAAAAAAAAAAAAAAAAAAAAALV8Tevdo4bNGb/nN25JXUcXdUNG5dlrKt+6Qwp59XdVVPBrXL5Aa4eZZddc+yy75JfKt9deLrVSVtXUPXrJK9yucvwTdeieSbIB04AAAAAAAAAAAAN1TzA5drvFdZKxlXbqyooKpn4Z6WV0T2/JzVRQL3YFx2696brElo1Pv00Ma+7T3WZLhFt6ctQj9k+WwGUOmPbT6g2N0MGcYbZcopmrs6otsj7fUqnmq/wBJGq/BGtAzL0e7VLQnVJ0FLcL3U4LdJNm+z5JCkUKu89qhiujRPi9W/IDLa03qgv1uguFsrae4UFQ3nhqqSVssUjfVr2qqKnyUDmgAAAAAAAAAAAAAAAAAAAAAAAAAAAAAAAAAAAAAAAAAAAAAAAAAAAAAAAAAAADo8yzjH9PMeq77k15orDZqVvNNXXCdsMTPRFc5fFfJE6r5IoEcPEf2y1osz6qz6O2NL5Ut3Z+UV7jdHSp8YqfdHv8Agr1Z1T8KoBGzrFxGaka+XRa3O8uuN/2dzx0ksnJSwr/0cDNo2fNG7+qqBbcAAAAAAAAAAAAAAAAAAAMy+zN4vU4c9WvycyKs7nAsqlZT1j5F9yhqvwxVPwb15Hr+qqOX8CATtscj2oqLui9d0A/QAAAAAAAAAAAAU3AbgNwG4DcBuA3AbgNwKgAAAAAAAAAAAB+ZHpGxXOVERE3VVXogED/aW8Xn+Uhq4thx+s73AsWkkpqF0bvcrqn8MtV8UXbkZ+ym6bc6gYcgAAAAAAAAAAAAAAAAAABcfR7iK1I0EuiV2CZdcrAqu55KWGTnpZl/6SB+8b/q3cCSXhx7Za1Xd9LZ9Y7GlkqF2Z+UVjjdJTL+1NT7q9nxWNX9V/CiASP4XnOP6i47SX7GLzQ36zVSbw11vnbNE/1TmavRU80XqnmiAd6AAAAAAAAAAAAAAAAAAAAAAAAAAAAAAAAAAAAAAAAAAAAAAAAAAAAAAACirsBhnxg9pfg3Dg6txzHUhzXP4943UFPL/uSgf/7zK39JP+KZ73TZys3RQIctduJPULiPyVbxnWQT3NWOVaWgZ93R0aL+jDCnut6dObq5durlUC2IAAAAAAAAAAAAAAAAAAAAABOgE0PZU8Zqas4UzSvLK7nzDHqb/wBG1NQ/37jQN2RG7r+KSFNkXzVnKvXlcoEg4AAAAAAAAAAAovRAIEeKvim1nw7iW1Qstr1Sy622yhySvgpaOmvE8cUMSTO5GMajtmtRuyIieQFqv8svXb/nfzX/AK8qP/EA/wAsvXb/AJ381/68qP8AxAP8svXb/nfzX/ryo/8AEA/yy9dv+d/Nf+vKj/xAP8svXb/nfzX/AK8qP/EA/wAsvXb/AJ381/68qP8AxAP8svXb/nfzX/ryo/8AEBdnhL4pdZ8x4m9LrLddUcuulrrciooaqiqrxPJFPEsqc7HtV2zmq3fdFAnqau6IoFQAAAAAAAAAABHn2rPGamlmHSaT4lXKzLcgpt7rVU7/AHrfQPTZWbp4STJunqjOZenM1QIY1XcAAAAAAAAAAAAAAAAAAAAAABc3QviQ1B4cslS84LkNRa3Pci1NC9e8pKxqfozQr7r+m6b9HJv0VF6gTGcHvaY4PxGuoscyRIcJz+TaNlDPL/uOvf8A+7Su/SVf+Cf73XZqv6qBmci7gVAAAAAAAAAAAAAAAAAAAAAAAAAAAAAAAAAAAAAAAAAAAAAAAAAAAAOFer1QY7aqu53Stp7dbqOJ09RV1UqRxQxtTdz3ucqI1ETxVQIh+OLtU7nnMlwwjRysns+NrzQ1eUM5oquuTwVtP4OhiX9fo937Cbo4I3XvdI5XOVXOVd1VV6qBQAAAAAAAAAAAAAAAAAAAAAAAA7/Ac6vemWZ2fKscrpLbfLTUsqqSpj8WPavmnm1U3RWr0VFVF6KBsOcIvE9Y+KrSGgyu3d1R3eLalvFqa/d1FVIm7mp5rG78THebV28UciBe0AAAAAAAAAAo5N2qnwA17O0ext+McaWp1O5nIyproq9i/rJNTxS7/wA3L/IDGsAAAAAAADJns2scfk3GpppC1nNHS1c9fIv6qQ00siL/AGkb/MDYOamzUT4AVAAAAAAAAAALHcX/ABQ2ThT0hrspr0irL1PvS2a1Ofs6sqlTdEVE6pGz8T3eSJt4uaihry51m961JzC75RkVfJc73dal9VV1Uq9XvcvXZPJE6IiJ0RERE6IB0QAAAAAAAAAAAAAAAAAAAAAAABVj3McjmqrVTqioBJBwO9qldMDlt+EaxVk94xn3YKTJ380tXQJ4I2o8XTRJ+t1e39tNkQJebLe7fkdpo7paq2nuVtrImz09XSSpJFNG5N2vY5vRyKngqAc4AAAAAAAAAAAAAAAAAAAAAAAAAAAAAAAAAAAAAAAAAAAAAAAAADo82zax6dYrc8kyW509msdthWerrap3KyJif3qqrsiIm6qqoiIqqiAQZcdnaA3/AIpb3Pj9hfU2LTSkm3p7cruWW4uavuzVOy9fVsfVreiru7qgYgAAAAAAAAAAAAAAAAAAAAAAAAAAAAy47MHLNR8e4orLRYDRuulHcm91kFDLIrKb7PRU55pHbLyLGq8zHbbq5Uam/OqKE96eAFQAAAAAAAAFFAjc7Sbs9s4171AZqRp4tBcaxtsio62xzzJBUTviV/LJE93uOVWOa1Wuc38CbKu+wETOa4FkenF/nseU2O4Y9d4F+8orlTOglRPXZyJui+Spui+SgdCAAAAAHfYVgWR6j3+Cx4tY7hkF3nX7uittM6eVU9dmouyJ5quyJ5qBLR2a3Z9ZxoFn0+o+ofsFurZLXLRUVjgmSeogfK5iukle33GqjWuajWud+Nd1TbYCSIAAAAAAAAAAovgBAL2l2a6jZTxRX+j1AoX2eK17wWO2skV9OygVyrHNE7ZEf3u3M5+2/Nu1duRGoGKQAAAAAAAAAAAAAAAAAAAAAAAAAAAMvuBTtAL/AMLN7hx++uqb7ppVzb1FuR3NLb3OX3p6bdenq6Po13VU2d1UJzsJzax6jYrbMkxq5095sdyhSopK2ldzMlYv96Ki7oqLsqKioqIqKgHeAAAAAAAAAAAAAAAAAAAAAAAAAAAAAAAAAAAAAAAAAAAAAAAB1OV5XaMHxy436/XCC1We3QOqautqX8scMbU3Vyr/APpV6InVQIIOPLjrvPFblzrVaJKi1abWyZVt1tcvK+rem6e1VCJ4vVN+VvgxF28VcqhiYAAAAAAAAAAAAAAAAAAAAAAAAAAAD6U1NLWVEUEET5ppXIxkcbVc57lXZERE6qqr02A2A+ADhJo+FvRuljr6aJc6vrGVl8qkTd0btt2UqL+rEiqnxer1802DKEAAAAAAAAAAAUVNwPGao6M4RrTYHWXN8Yt2S29UXkZXQo58Sr4ujkTZ8bv2mKigRx8Q3YwxSe03XR3I1hd1emO5C/dv7sVU1N09ESRq/F4EcGq+h2eaHX1bRnWLXHG6xVVI1q4vup0TxWKVN2SJ8WOVAPDbdQPc6UaH55rjfUtGC4tcckrEVEkWki+6gRfBZZV2ZGnxe5EAkf4eexhij9muusWRrM7o9cdx5+zfXllqnJuvoqRtT4PAkc0v0ZwjRawNsuEYxbsat6InOyhhRr5VTwdJIu75HftPVVA9mibAVAAAAAAAAAAAGKvaEcIlLxRaPVElrpY0z2wRvq7LUI335+m8lI5fNsiJ038Ho1fBXbhAJPBJSzyQzRuiljcrHse3lc1UXZUVF8FT0A/AAAAAAAAAAAAAAAAAAAAAAAAAAAAMs+AzjrvPCll7bVd5Ki66bXSZFuNtavM+keuye1U6L4PRNuZvg9E28UaqBO/iuVWjN8ct1+sNwgutnuMDamkraZ/NHNG5N0ci/wD6VPBeqAdsAAAAAAAAAAAAAAAAAAAAAAAAAAAAAAAAAAAAAAAAAAAAAfOeeOmhfLK9scbEVznuXZGonVVVfJAIQ+0o47X8QmUS4HhVe5NOLRP95UQu2S8VLF/pV9YWL+BPNffX9HlDBcAAAAAAAAAAAAAAAAAAAAAAAAAAAADNTsotAYtYOJCLIrnTJPYcKibdZGvbux9YruWlYvycj5P9D8QJ00TZAKgAAAD8q9qfpJ/MCqLuBUAAAAAAADpMvwmwZ/YaiyZLZqC/WioTaWhuVOyeF/xVrkVN/j4oBiZ/ml9APzhflJ9kXX7N/F+TX2i/7P599+bf+m2/Y7zl+nQDLPEMJsGAWGnsmNWagsNop02iobbTsghZ8Ua1ETf4+Kgd2AAAAAAABRV2Aoj2r+kn8wP0AAAAKKm6AQUdqxw/xaN8SM9/tdM2nsGaROu0TWN2ZHVo7lqmJ083q2T/AE3wAwvAAAAAAAAAAAAAAAAAAAAAAAAAAAAAzo7Nfjuk4e8oiwPNa966cXef7uomdulmqXr/AEqekL1/pG+S++n6XME3kE8dTCyWJ7ZI3tRzXsXdHIvVFRU8UA+gAAAAAAAAAAAAAAAAAAAAAAAAAAAAAAAAAAAAAAAAAAFFXZAIxu1e43HY5Q1WimE3BG3KsiRMmrqd/vU8Lk3SjaqeDnoqK/0YqN/SdsESPiAAAAAAAAAAAAAAAAAAAAAAAAAAAAAAnB7H/TBuGcLS5JLCrK3LLpPWd45NlWnhXuIm/LmZK5P3wM5wAACi9AI9+OjtQ6fQ3IK7AdNaWjveYUirFcbrWIslHbpPOJrEVO9lTz3VGsXovMu7UCOi79oTxD3q5urptU73BK53N3dH3VPEnwSNjEbt9AL46F9sHqpglXDS6gUtJqFZ90R8qsZRV8aerZI28j9vR7N1/WQCS3h846tIeI9kFNjeSx0GQSIm+P3ralrd/RjVVWy/6NzvjsBkCiooFQAAAAAAAAAAAAAAKKqIBj9xB8dWkPDgyopsjyWO4ZBGi7Y/Zdqqt39HtRUbF/pHN+G4EaWunbB6qZ3VzUun9LSae2bdUZKjGVtfInq6SRvIzf0YzdP1lAsdaO0J4h7LcmV0Oqd7nla7m7us7qoiX4LG9it2+gEi/At2odPrnkFDgOpVLR2TMKtUit11o0WOkuMnlE5iqvdSr5bKrXr0TlXZqhIQnUCoAABgt2wOmDcz4XGZLFCr63E7rBWd41N1SnmXuJW/LmfC5f3AIQAAAAAAAAAAAAAAAAAAAAAAAAAAAAAAEtvZQcbjsioqXRTNrgi3GkiVMZr6h/vTwtTdaNyr4uYiKsfq1Fb+i3cJOkXdAKgAAAAAAAAAAAAAAAAAAAAAAAAAAAAAAAAAAAAAAAAAx045uK2i4UtGaq8wvimy66c1FYKKROZH1G3vTPb5xxIqOX1Xkb05gNe++XuvyW8112utXLX3OunfU1NVO7mkmle5XPe5V8VVVVVA4QAAAAAAAAAAAAAAAAAAAAAAAAAAAAH0poJKqojhhY6SWRyMYxqbq5yrsiJ9QNmnQnTyPSfRrCsPjYjFstopaKTb9KVsad476v5l+oHuwAAC0fFlq6/Qrh2zvNqd7Y6+225yUKv229qlVIoOnntJI1dvgoGtzXVk9xrJ6qqmkqameR0ss0rlc+R7l3c5VXqqqqqqr8QPiAA/Ucjontexytc1d0VF2VF9UAy54eu081j0M9mt9wuaZ9jUWzfs3IJHPmjZ6RVPWRvTZER3O1PJoEnPDz2mWjeu/s1vqLsuDZNLs37KyF7YmSP9Iqj+jf16Iiq1y/qgZZMka9qK1UVFTdFTzQD9AAAAAAAAAAH5fI2Nqq5URETdVXyQDEziG7TLRvQj2q3012XOcli3b9lY89srI3+ktR/Rs69FRFc5P1QIxuIXtO9Y9c/abfb7mmA41Lu37Nx+RzJpGektT/SO6dFRvI1f1QMR5JHSvc97lc5y7qqruqr6qB+QAH2oa2ot1bBV0s8lNUwSNlimicrXxvau7XIqdUVFRFRfgBsj8J+rr9dOHfBM2neySvuduYlarNtvao1WKfonhvJG9dvigF2wAADwWvWncerOjGbYe9iPderRU0cW/wCjK6Ne7d9Ho1foBrL1EMlNPJFKx0crHK17HJsrXJ0VF+oH4AAAAAAAAAAAAAAAAAAAAAAAAAAAAA5tkvVfjd4obta6uWguVDOyppqqBytkhlY5HMe1U8FRURUX4AbB3AvxXUXFdozS3id8UOX2rlor/RRpyo2fb3ZmN8o5URXJ6Kj29eUDI0AAAAAAAAAAAAAAAAAAAAAAAAAAAAAAAAAAAAAAAAODfL3Q43Zq67XOqiobbQwPqaqqmdyshiY1XPe5fJERFVfkBru8aPE5X8VGt10ydzpYcepd6Gx0L1VO4pGuXZyt8nyLu93xcieDUAsOAAAAAAAAAAAAAAAAAAAAAAAAAAAAAAvtwM6a/nX4r9NrFJD31I26suFU1U91YaZFqHovwVI+X+IDYxb4AVAAAI6u2m1K+wdEcRwyGVGVGQ3d1XK1F6up6Vm6oqeneTRL/CBDYAAAAABF2AyH4fOPTWHhydT0lhyN93x2JUT8n75zVVGjfSPdUfF/o3NT1RQJOOHrtbNKtVPZrZmrZNN7/Jszmr5O9t0jv2alETk9fvWtRP1lAzetl1o7zQU9dQVUFbRVDEkhqaaRJI5Wr4Oa5qqiovqigcsAAAAAOJc7rR2WgqK6vq4KGip2LJNU1MiRxxNTxc5zlRERPVVAwh4he1t0q0r9ptuFNk1Iv8e7eagk7m3Ru/aqFRef1+6a5F/WQCMfiD49NYOI51RSX7I32nHZVVPyfsfNS0at9JNlV8v+kc5PREAx4VdwAAAAAATK9i1qV9v6H5bhk0qPqMdvCVUTVXq2nqmboiJ6d5FKv8QEiYAABR3h/eBrm8cemv5qOK7UmwxxLDSLdZK+lbt0SGpRKhiJ8ESTl/hAsUAAAAAAAAAAAAAAAAAAAAAAAAAAAAAAvvwX8Tdw4WNbrXlDHSzY/U7UV8oWKu09I5yczkTzfGuz2/Fu3g5QNiKxXugyWy0F2tdXFXW2ugZVUtVCu7JontRzHtXzRUVFT5gc8AAAAAAAAAAAAAAAAAAAAAAAAAAAAAAAAAAAAAAARndsJxTrjeM0WjOP1nLcbwxlbf5IndYqRF3ip1VPBZHN5nJ+qxqeDwIiAAAAAAAAAAAAAAAAAAAAAAAAAAAAAAACSLsUtNftfVbOc4mh5obLa47dA93gk1TJzKqfFGQKnyf8QJhgAACi9EAg/wC2D1J/K/imjxyGVHUuK2ino3RtXdEnm3qJF+fLJEn8IGDAAAAAAAADwAu3oXxW6o8Ode2bB8rq7fRK/nmtM69/Qz+vNA/du6/rN2d6KgEmHD12yOHZb7Na9VrNJhlydsxbxbWvqbc9fVzOssX/AGieqoBIFh+b4/qBYae941eqC/WioTeKuttQyeF/wRzVVN0808UA7sDo8wzfH9P7DUXvJb1QWG0U6by11yqGQQt+HM5UTdfJPFQI/eIXtkcOxL2m16U2aTM7k3diXi5NfTW5i+rWdJZf+zT0VQI0NdOK3VHiMr3TZxldXcaJH88NpgXuKGD05YGbN3T9Z27vVVAtJ4gAAAAAAAAM6Ox71K/JDilmxuaVG0uVWiekbGq7ItRDtURr8+WOZP4gJv06oBUAAAh37azTX7H1ZwfN4YeWG92uS3Tvb4LNTScyKvxWOdqfwARvgAAAAAAAAAAAAAAAAAAAAAAAAAAAAAAEu3Y98U65HjVboxkNZzXGzsfXWCSV26y0irvLToq+KxudztT9V7k8GASZAAAAAAAAAAAAAAAAAAAAAAAAAAAAAAAAAAAAAAHj9XdTrPozppkea3+Xu7VZKN9XKiLs6RU6Mjb+09ytYnxcgGtnqzqZedZNSMizXIJu+u96rH1c2y+6xF6Njb+yxqNY1PRqAeTAAAAAAAAAAAAAAAAAAAAAAAAAAAAAAPECc7si9NfyJ4TKS9zQ93V5Tc6m5q534u6YqU8SfL7lzk/fAzaAAAPnUSsghfJI5rI2ornOcuyIidVVfoBrM6/aiv1a1szjMXP52Xm8VNXD+zC6Re6b9GIxPoB4EAAAAAAAAAAAe40o1vzvQ++peMFyi443WqqLJ7JL91MieCSxLuyRPg9qoBmo3todUPzbvtTsWsC5gqoxuRIj0hSPbZXLS77LJ4Lvz8n7HkBhXqtrfneuF+W8ZzlFxyStRVWP2yX7qFF8UiiTZkafBjUQDw4AAAAAAAAAAA9/w/6iv0k1twbMWv7uOzXimq5v2oUkRJW/VivT6gbMsErJoWSRua+NyI5rmruiovgqL8gPoAAAYR9rtpr+WvCdU3yGHnq8WulNckc38XcvVaeRPl96xy/uAQZ+AAAAAAAAAAAAAAAAAAAAAAAAAAAAAAAB6zSfUy86OakY7muPzdzd7LWMq4VVfdfsuzo3fsvarmOTzRygbJmkOp1n1m00xzNrBJ3lqvdGyriRV3dGq9Hxu/aY5HMX4tUD2AAAAAAAAAAAAAAAAAAAAAAAAAAAAAAAAAAAAACJ/tmOI9am4WPRmz1P3dNyXi+927xkVF9mgd8mqsqov60a+QEW4AAAAAAAAAAAAAAAAAAAAAAAAAAAAAAB9qOkmr6uGmp43TVEz0jjjYnVzlXZET5qqAbN2i+AQ6V6TYfh8DWoyx2mloFVvg58cTWvd81cjl+oHtAAACxvG7qV+afhV1JyBkqQ1aWmShpX77Kk9RtBGqfFFl3/AIQNclfEAAAAAAAAAAAAAAAAAAAAAAAAAAABPEDY34I9SvzscKum2QvlSaqdaY6Kqfvuqz0+9PIq/FXRKv1AviAAAeK1q0/h1V0kzHD5mtc2+WmqoGq79F8kbkY75o7lX6AayNZSzUNXNTVEbop4XrHJG9OrXIuyovyVFA+QAAAAAAAAAAAAAAAAAAAAAAAAAAAAAABKR2M/EetNcL5ozeKn7up57xYu8d4SIie0wN+bUSVE/ZkXzAlgAAAAAAAAAAAAAAAAAAAAAAAAAAAAAAAAAAAA8vqfqFatKNPchzC+S91arJQy11QqL1c1jVVGN9XOXZqJ5q5ANajVPUW7auai5FmV8k7263utlrZ9l3RivdujG/stTZqJ5I1APLAAAAAAAAAAAAAAAAAAAAAAAAAAAAAAAGQHARpr+dTi303s8kXe0dPcm3SqRfw91StWdUd8FWNrf4gNidqbJ8QKgAAEcPbValfYukGFYTDMjJ77dX18zUXqsNNHsiL8FknYv8AEOoAAAAAAAAAAAAAAAAAAAAAAAAAAAAExfYq6lfbWj+aYTNKj57FdmV8LVXqkFTHsqInokkD1/jAkdAAAKOTp8QNdbj001/NVxbak2eOHuaOe5uulKifh7qqalQiN+CLI5v8ACBYEAAAAAAAAAAAAAAAAAAAAAAAAAAAAAAA9TpZqNdtI9RsczKxSd3dbJWxVsG67I9Wu3Vjv2XN3aqeaOUDZY0x1BtWqun2PZfZJe9tV7oYq6nVV6ta9qLyO9HNXdqp5K1QPTgAAAAAAAAAAAAAAAAAAAAAAAAAAAAAAAAAAjS7ZzX1bBg2OaT22o5au+yJdbq1i9UpInbQsVPR8qK7/AEHxAiEAAAAAAAAAAAAAAAAAAAAAAAAAAAAAAAAElnYnaa/aWo2f51PDvHardDaqd7vDvKiTvHqnxRkCJ8n/ABAl8AAAKKuyKBBt2vWpP5Z8V0thhm56TFrVT2/kavupNIi1Ei/PaVjV/cAwhAAAAAAAAAAAAAAAAAAAAAAAAAAAAAzf7IXUn8jOK2OwzTIylym1VFv5XLsizRolRGvz2ikan74E5CLuiAVAAAIge2x01+zNSMBzqCHaO7W2W1VD2+He08nOxV+KsnVPlH8AI1QAAAAAAAAAAAAAAAAAAAAAAAAAAAAAAABL52Mevq5BgmR6UXKo5qywyLdbU169VpJXbTMRPRkqo7/T/ACSwAAAAAAAAAAAAAAAAAAAAAAAAAAAAAAAAAPnPMynhfJK9scbEVznvXZGonVVVV8kA1weMHW+TiE4icxzJsqyWyerWltjV8GUcP3cOyeXM1vOvxeoFmQAAAAAAAAAAAAAAAAAAAAAAAAAAAAAAB4gTsdktpr+QvCNa7rLD3dXlFwqbs9Xfi7tHJBF9OWHmT98DNAAAA+NXUxUdNLPO9sUMbVfI967I1qJuqr9EUDWU1w1Bl1X1hzTMJXK77bu9TXMR36Mb5HLG36M5U+gHiAAAAAAAAAAAAAAAAAAAAAAAAAAAAAPb6H6hS6Uaw4XmET3M+xLvTVz+X9KNkjVkb9WcyfUDZrpKmKspop4Htlhkaj43tXdHNVN0VPooH2AAAMLu1q01/LnhGud2ih7yrxe4012Yrfxd2rlglT5cs3Mv7gEFHgAAAAAAAAAAAAAAAAAAAAAAAAAAAAAAAALz8Het8nD3xFYdmL5litkNWlLdG79HUU33c26efK13OnxYgGx7BKyeFkkb2yRuRHNexd0ci+CovooH0AAAAAAAAAAAAAAAAAAAAAAAAAAAAAAAAGLHaUa2Lorwp5PLSVCQXrIkSwUCo7ZyOnRe+cnn7sLZVRfJeUDX+Vd1AAAAAAAAAAAAAAAAAAAAAAAAAAAAAAAAHJttvqLtcaWhpInTVVTK2GKNvi97lRrUT5qqAbOWk2C0+mOmOKYjSo1ILHa6a3NVv6SxRNYrvqqKv1A9aAAAWE47dSvzVcJupN7jmSGrktb7bSuT8XfVKpTtVvxTvFd/CBrpL4gAAAAB+ooXzyMjjY6SR6o1rWpurlXwRE81AuDX8OuqdqxiTI63TjK6Owxs7yS5T2WoZAxnjzq9WbI39pegFvAAAAAAAAAAAAAAALh0HDrqndcYjyOi04yussMjO8juUFlqHwPZ486PRmyt/aToBb6WF8Ej45GOjkYqtc1ybK1U8UVPJQPyAAAACeIGxbwJalfnW4TdNr3JN31XHa2W2qcq+8s1Mq07ld8V7tHfxAX7AAAPJat4JT6n6YZZiNSjVhvlqqbcqu/RWWJzUd9FVF+gGsZcrfUWq4VNFVROhqqaV0MsbvFr2qqORfkqKBxwAAAAAAAAAAAAAAAAAAAAAAAAAAAAAAAi7KBsCdm1rYutfCni09VUJPesfRbBcFV27ldAiJE5fPd0LolVfNeYDKQAAAAAAAAAAAAAAAAAAAAAAAAAAAAAAAovRAIZO2X1mXLNbbDp9ST81DitD39UxruntlSiPVFT9mJsW3pzuAjzAAAAAAAAAAAAAAAAAAAAAAAAAAAAAAAAF+uA/Co9QOL3S20zR97Cy8Mr5GKm6K2ma6oVF+H3WwGxa38KAVAAAI2O2v1K+ytLsEweCbllvNzludQxvj3VNHyNRfgr59/mz4AQ/AAAH2pKOevqoqamhkqKiZ6RxxRNVz3uVdka1E6qqr5IBm5w4dk7qlq97LdczT82+NybP2uMSvuMzf2KbdOT03lVqp48rgJSuHjgh0m4aoIZsXx2OrvzW7PyG77VNe5fPleqIkSL6RtanruBfiWFksTo3tR7HJsrXdUVF8lA1pOJexWjF+IfUyz2BkcVloMkuFNSRRIiMjiZUPRrG7eTdtk+CAW2AAAAAAAAAAAAC5XDPYbRlPERpnZ7+yOWzV+SW+mq4pURWSRuqGI5jt/J2+y/BQNlqKFkUTY2NRjGpsjW9ERE8kAsPxD8EOk3ErTzTZRjsdJfnN2ZkNo2pq9q+XM9EVJUT0ka5PTYCLTiP7J3VLSH2q64Yn5yMbj3ftbolZcYW/t0268/pvErlXx5WgYSVdHPQVU1NUwyU9RC9Y5IpWq17HIuytci9UVF8lA+IAABMD2KGpX2rpdneDTzc0tmucVzp2O8e6qY+RyJ8EfBv8AN/xAknAAAKO/CvqBro8d+Ex6f8XuqVphj7qB14kr42ImyI2pa2oRE+H3u30AsMAAAAAAAAAAAAAAAAAAAAAAAAAAAAAAAAJD+xn1mXFdacg09q5+Wiymh9ppGOXp7ZTIrtkT9qF0u/8AVtAmYTqgFQAAAAAAAAAAAAAAAAAAAAAAAAAAAAAHBvl4pMfs1ddK+ZtPQUUElTUTO8GRsarnuX5IiqBrMaz6kVmr+q+WZpXK72i+XKeu5HLv3bHvVWM+TWcrU+DQPGAAAAAAAAAAAAAAAAAAAAAAAAAAAAAAAADMbsmqZk3GhjUjk3dBbrjIz4L7M5v+DlAniAAAKKBCT2yd/rLlxT2y3TOVKS3Y5Stgj8t5JZnvd9VVE/hQDA4D70NBU3OshpKOnlqqqd6RxQQMV75HKuyNa1OqqvogGcfDh2S2p2rHst2zp/5uMdk2f3VZH3lzmb+zT7p3e/hvKqKnjyKBKTw9cFmlHDTSxPxLHI5b2jOWTILptUV8nTZdpFREjRfNsaMT4KBfRERAKgeE111PpNGNH8vzes5Visdtmq2Md4SSo3aKP+KRWN/iA1nbvdKq+XWsuNdM6orauZ9RPK/xfI9yuc5fmqqoHEAAAAAAAAAAAADl2e61Viu1FcqGZ1PW0czKiCVviyRjkc1yfJURQNmLQzU+k1n0gxDN6LlSK+W2GscxvhHKrdpY/m2RHt/hA92BRURQLF8QvBZpRxLUsr8txyOK9qzljyC2bU9fH02TeREVJETybIjk+CARbcR/ZLanaT+1XXBXfnHx2Pd/d0cfd3KFv7VPuvebeG8SuVfHkQDByuoKm2Vk1JWU8tLVQPWOWCZisfG5F2Vrmr1RU9FA+AGeHY25BWWzinuVuhVzqS5Y5VMnZ5fdywvY5fkqKn8SgTcAAAFFAge7WWmZDxoZLI1NnT263SP+K+zNb/g1AMOQAAAAAAAAAAAAAAAAAAAAAAAAAAAAAAAB7XRTUmr0e1axLNaJXd/Y7lBWqxv/AAjGvTvGfJzOZq/vAbM1lu1JfrRRXKgmbUUNZAypp5meD43tRzXJ80VFA5oAAAAAAAAAAAAAAAAAAAAAAAAAAAAADEvtQdWfzWcIuURQTpDcclfHYKbZ2yqk27p/+xZKn8SAQFr1UAAAAAAAAAAAAAAAAAAAAAAAAAAAAAAAAAMqezByWPG+NbT9ZncsNctZQKqrt70lLKjE+r0an1An+au6IoFQAADCvtAuz6fxa1FoyfGbxR2PNbZTLQr9otd7LW0/Mr2se5iK5jmOc9UcjXIqOVFTwVAxO007FLObhdIn55m9js1ra7d7LE2WtqJE9EWRkbGb+q823ooEi/D9wb6VcNVHH+R2NQpd+Tklv1w2qLhL02X71U9xF82xo1vwAvaiIgFQAACOLtoNZfyd0nxfTijnRKvJK1a+tY1eqUlNtytcno6ZzFT+pUCHQAAAAAAHJ+zKv7N+0PZpfYe97j2jlXk7zl5uXf1267AcYAAAAAAExnYv6y/lHpLk+nNZOjqvG61K+iY5evslTurmt+DZmvVf61AJHAAACioigWS4guDbSriVpH/ljjUS3fk5Ir9b1SnuEXTZPvUT30TybIjm/ACOjUvsUs6t90ldgmb2O82tzt2MvjZaKojb6KsbJGP29U5d/RAMsez97Pp/CXUXfJ8mvFHfM1udMlCn2c13stFT8yPexjnojnue5rFVytaiI1ERPFVDNQAAAo5dkVQIAe09yWPJONbUBYXI6GhWjoEVF396OliR6fR6uT6AYrAAAAAAAAAAAAAAAAAAAAAAAAAAAAAAAAAnRQJ+OzD1Z/OpwiYqyefvrljbpMfqd3bqiQ7LD/2L4k+igZYAAAAAAAAAAAAAAAAAAAAAAAAAAAAAAIg+2v1Qdc9RcEwCCbeC1W+S71LG+Cy1D+7jRfi1kKr8pAI0wAAAAAAAAAAAAAAAAAAAAAAAAAAAAAAAAA9PpfnVVpjqRi+XUXMtVY7nT3GNrV25lika/l+qIqfUDZtxfIqDL8ctd8tU6VNsudLFW0szfCSKRiPY76o5AO0AAAAAAAAAAKOXZANfbtINZfzzcWOXVNPP39osL0sFAqO3byU6qkjk+Dplmdv6KgGMIAAAAAAM7f8AJ5X/ADTH5a+yu+0Pyu/KHvOX3/ZN/s/b93f3/wC8DBIAAAAAAGT/AGbusv5meLHEqioqO4tF/etgr1V2zeSoVEjVfLZszYV39EUDYIau6AVAAAAAAAAAAOryjI6DEMbul9us6UtstlLLW1UzvCOKNive76I1QNZLVDOarU7UfKMurt0qr5c6i4yNcu/Kssjn8v0RUT6AeYAAAAAAAAAAAAAAAAAAAAAAAAAAAAAAAAACS/sT9UHW7P8APdP55tobnQRXilY7wSWB6RyInxcyZq/KMCXkAAAAAAAAAAAAAAAAAAAAAAAAAAAACjl2aoGvX2jWZPzbjM1LqVk54qGuZa4m+TEp4mRKifxtev1UDGwAAAAAAAAAAAAAAAAAAAAAAAAAAAAAAAAAHgBMv2Q3FDBnemU2k17rGpkOLtdNbEld71TbnO35U9Vhe7l/cez0UCREAAAAAAAAAAtVxSavRaEaAZvm7pGsqbZbn+xI9URHVcm0dO36yPZ9NwNbCpqJKqokmmkdLNI5Xvkeu6ucq7qqr6qoHzAAAAAD9RRulkaxjVc9y7Na1N1VfJANij/J7i/yKPzQdwnf/kd9kbf+9+zfj+ffe98wNdeWN0UjmParXtXZzXJsqL5oB+QAAAAA+lNUS0lRFPDI6KaNyPZIxdla5F3RUX1RQNlDhd1ei120BwjN2yNfU3S3RrWIxU2ZVR7x1DfpKx/02AuoAAAAAAAAAAR3drzxQwYJplDpNZKxq5DlDWzXNIne9TW5rt+VfRZnt5f3GP8AVAIaPEAAAAAAAAAAAAAAAAAAAAAAAAAAAAAAAAAAGS3Zw5m/CeM3TaoSTkhr6yS1St8npUQvian9tzF+gGwi1d2oBUAAAAAAAAAAAAAAAAAAAAAAAAAAAH5cuyfVANZbiAur77rtqLcnuV7qzI7jOqr+1UyKB4IAAAAAAAAAAAAAAAAAAAAAAAAAAAAAAAAAAHqdL9TMh0dz2y5ji1c63X20zpPTzIm7V8nMen6THNVWub5oqoBsBcIPF9inFnp9HdbVJHb8ko2NZebA+RFlo5V/Sb5vicu/K/6Ls5FQC/oAAAAAAAACMHtrNZvYMawnTCin2luEzr7cWNXZUij3ip2r8HPdK75xIBEqAAAAAAC9HBlpz+dbik01xx8SzU015hqalm26OggVZ5UX4KyJyfUDY929zfb47Aa4XGbpz+anik1KxxkSw00N5mqaZm2yNgnVJ4kT4IyVqfQCy4AAAAAAJa+xT1m+0MYzbTCtn5prdM2+W5jl3XuZNo52p8GvbE75yqBJ6AAAAAAAAAsFxfcX2KcJmn0l1uskdwySsY5lmsDJESWslT9J3myJq7cz/om7lRANf3VDUzIdYs9vWY5TXOuN9u06z1Eyps1PJrGJ+ixrURrW+SIiAeWAAAAAAAAAAAAAAAAAAAAAAAAAAAAAAAAAAB7/AIfbs+w68ac3JjlY6jyO3T7p+zVRqBs0NXdPqoFQAAAAAAAAAAAAAAAAAAAAAAAAAAAfl/gnzT/EDWD1XidBqhl8T+j2Xisa75pO8DyoAAAAAAAAAAAAAAAAAAAAAAAAAAAAAAAAAAAHqdM9UMp0dzGhynDr1U2K+Ua7xVVM7xRfFj2ruj2L4KxyKi+aAS2cMHa+YZnNJSWXVqBuFZBskf2zTsdJbKl3q5E3fAq+i8zPFeZPADP3GsssuZ2iC62C7UV7tk6bxVtuqGVEL0+D2KqL/MDtUci+CooFQAAABR3h8QNdXjs1l/PlxR5xkEE/fWqnq1tdtVF3b7NT/dNc34PVHyfxgWCAAAAAABIV2L+nX5Qa95Rl00avgx2zLDG7b8NRUvRrV3/q45k+oEzvkBDF20GnX5P694vl0MasgyKzJDK7b8VRTPVrl3/q5IU+gEeoAAAAAAL/AHAjrL+Y3ijwjIJ5+4tVTVparkqrs32ao+7c53wY5WSfwAbFLfD4gVAAAAFFcieKogHVZLlllwy0T3W/3ahslsgTeWtuNQynhYnxe9URP5gYBcT/AGvmGYNSVdl0lgbmuQbLH9s1DHR2ymd6tRdnzqnonKzwXmXwAiT1M1QynWLMa7KcxvVTfr5WLvLVVLvBE8GMamyMYngjGoiJ5IB5YAAAAAAAAAAAAAAAAAAAAAAAAAAAAAAAAAAAD1WlMbptT8RjYm733ija1Pis7ANnxngvzX/ED9AAAAAAAAAAAAAAAAAAAAAAAAAAAAo7w6ga1vFbjz8V4mNVLW5OVIMmuPIm23uOqHub/suQC1QAAAAAAAAAAAAAAAAAAAAAAAAAAAAAAAAAAAAB4AejwvUjK9OLh7dimS3bGqzdFWe01slM5dvVWOTf6gZX8OPG7xN6harYhglq1Lrap96uMNErq+hpat0cauTvJFdJErl5WI9y9f0QJ1Gb8qbqq/FfMD9AAAFjeNjWVNCeGXOsohnSC6JQrQW1d/e9rn+6iVvqrVcr/kxQNclV3VV8fiAAAAAAABNb2NenX5M8Nl2yiWPlqMmvUr437fip6dqQs/7TvwM+wMBO2U06/KbhstOURR81RjN6ifI/bflp6hqwv/7TuAIUgAAAAAAGrsqL4fEDY24KdZU124ZsGymadJ7o6hbQ3Jd/e9rg+6lVfRXK1H/J6AXyAAAPzIiq1dlVvxTyAgq4jON3ic0+1Vy/BLtqXW0r7LcZqLmoKGlpHSRtcvdyI6OJHJzMVrk6/pAYo5pqRleo9w9uyvJbtktYiqqT3atkqXN39Fe5dvoB5zxAAAAAAAAAAAAAAAAAAAAAAAAAAAAAAAAAAAAAALpcK+PvyniV0stbE5kqMmtyPTb9BKhjnf7LVA2VW+AFQAAAAAAAAAAAAAAAAAAAAAAAAAAAUVN0VAIFu1YwR2GcZOTVaRrHTZBSUl3h6dF5okikX/WQvX6gYggAAAAAAAAAAAAAAAAAAAAAAAAAAAAAAAAAAAAAACRbsYtGvym1fybUWsg5qPGaFKKje5OntdTuiq1fVsLZEX+tQCZECoAABFB21us3f1+D6XUc+7IGvv8AcY2u6c7uaKmRfiiJO7Zf1mqBFsAAAAAAAniBsocKOnX5qOHDTnFXR91UUFlp/aWbbbVEje9m/wC0keBdgC0/Fdp1+dfhw1GxVsfe1FfZaj2Zm2+9RG3vYf8AtI2Aa16+IAAAAAAAEpXYo6zdzXZxpdWVHuzNZf7bG53Tmbyw1KJ8VRYHbJ+q5QJXgAACgENvbO6NfkzrDjWotHBy0eTUK0dY9qdPa6bZEV3xdC6NE/qlAjqAAAAAAAAAAAAAAAAAAAAAAAAAAAAAAAAAAAAAAAGXXZW4M7M+MvFalWLJTWGmq7vMiJ4csSxxr/rJowJ7WpsiIBUAAAAAAAAAAAAAAAAAAAAAAAAAAAACL/tstKnVmN6f6iU0KqtDUTWSte1N/clTvYFX0RHMmT5vQCJcAAAAAAAAAAAAAAAAAAAAAAAAAAAAAAAAAAAAAAJ1UDYD7NbRn8zfCbicVTT9xd8hR2QV27dnc06IsSL59IWwpt67gZSgAAH4mkbFG573IxjUVXOcuyInmqqBrccW2sTteOIrOczbKstBW3B8VB13RKSL7qDb03Yxqr8XKBaEAAAAAAFzuGPTpdWeIPT7E1j7yC53qmjqG7b/AHDXo+ZfpG16gbLDERGpt4eQH6A/L0RWrv4eYGtPxOadrpPxB6g4mjO7gtl6qY6du233Dnq+FfrG9igWxAAAAAABd/hH1idoNxFYNmT5VioKO4MiuHXZFpJfup9/XZj3OT4tQDZGhkbLG17HI9jk3a5q7oqeSoB+wAADFntKtGfzycJuVx09Ok93x5G5BQ7N3dzQIqyonn1hdMm3rsBr+r0UAAAAAAAAAAAAAAAAAAAAAAAAAAAAAAAAAAAAAAASy9iZpQ6ksOf6jVMKotZNFYqKRU29yNEmn29UVz4U+bFAlDAAAAAAAAAAAAAAAAAAAAAAAAAAAAAAWj4sNFo+IHh+zPCOVq11fROkt73foVkSpJAu/kiva1F+DlA1ua6inttbPSVUL6epgkdFLDI1WuY9q7OaqL4KioqfQD4gAAAAAAAAAAAAAAAAAAAAAAAAAAAAAAAAAAAALn8Mmkc2uuvWE4PGxz4LrcY21as8WUrPvJ3fSJj/AK7AbKdHSw0VLFT08bYYImJHHGxNmsaibIiJ6IiIgH2AAAMbO0N1lXRThSzO508/cXa7QpY7cqLs7vqhFY5zV9Wxd69P3QNepeqgAAAAAAAZ4djnp1+VXE9XZLLEjqbGLNPOyRU35aidUgYnz5HTL9AJt08AKgUXwAhI7YzTr8leJ6hyWKJG02T2aCd8iJtzVECrA9PnyNhX6gYHgAAAAAAJ0UDYW7PPWX89nClhdzqJ+/u9qg+w7iqru7vqZEY1zl9XRd09f3wMkgAAD41lLDW0stPURNmglYsckb03a9qpsqKnoqKqAa1fE3pHNoVr1m2DyMc2C1XGRlIr/F9K/wC8gd9Yns/vAtiAAAAAAAAAAAAAAAAAAAAAAAAAAAAAAAAAAAAA+9BQ1FzrqejpIX1NVUSNiihjbzOke5dmtRPNVVUT6gbIvCjorFw+6AYbhCNZ7bQUTX3B7PB9ZIqyTrv5pzucifBqAXcAAAAAAAAAAAAAAAAAAAAAAAAAAAAAAUVN0AhR7WbhWl0q1Z/OZYqNW4pl8yvq+6ZsykuW28jV9ElRFkT1d3ieSAYDAAAAAAAAAAAAAAAAAAAAAAAAAAAAAAAAAAAAAJNuxU0a+08uzXU6sgR0NsgbZLe9ybp30u0k7k9FbG2NvylUCXIAAAAQ/wDbS6y/beouI6aUc/NTWOldda9jV6LUz+7E1yerYm7/ACmAjXAAAAAAAAmT7FjTn7C0RzDMZokZPf7y2kicqdXQUsfRUX07yaVP4QJFQAACOrtp9Oft3RHD8xhiR89gvLqSVyJ1bBVR9VVfTvIYk/iAhsAAAAAAAAkp7FrWX7E1Dy/TSsn5aa90rbtQMcvRKmD3ZWtT1dE5F+UIEv4AAAAiN7avRr7My7CtTqOBGw3OB1kuD2psnfxbyQOX1V0bpG/KJAIyQAAAAAAAAAAAAAAAAAAAAAAAAAAAAAAAAAAAAGfnZL8K0uqWq66nX2iVcVxGZHUXes3ZV3LbeNE9UhRUkX9pY/iBNWibIBUAAAAAAAAAAAAAAAAAAAAAAAAAAAAAAA8ZrBpNjuuGnN7wvKaNK2zXWBYpETZHxO8WSxr+i9jkRzV9U9NwNeTic4bso4XtUa/EcjhWWFFWa23RjFSG4Uyrs2Vnovk5vi1yKnoqhaUAAAAAAAAAAAAAAAAAAAAAAAAAAAAAAAAAABOqgbEnAVo1+Y/hZwixTwdxdqul+1rkips72io+8Vrvixixx/wAZCAAAHGuVwprVb6mtrJmU9JTxummmkXZsbGornOVfRERVA1o+IXVao1v1tzPOahXbXq5S1EDH+MdOi8sDP4Ymsb9ALeAAAAAAAJ4gbGvBDpz+avhS00sD4khqUtEddUs22VJqlVqJEX4osqp9AL5gAAFjON7Tn86nClqXYGRJNUraJK6mZtuqzUypURonxVYkT6ga5S+IAAAAAAAFw+HnVao0P1twzOadXbWa5RTzsZ4yU6ryzs/iic9v1A2XLbcKa62+mrKOZlRSVEbZoZo13a9jkRWuRfRUVFA5IAABj1x7aNfnw4Wc3sUEHf3ajpfte2oibu9op95Ea34vYkkf8YGu4vRQAAAAAAAAAAAAAAAAAAAAAAAAAAAAAAAAAAALt8MXDbk/FFqjQYjjsKxQbpNcro9iuht9Mi7Olf6r5Nb4ucqJ6qgbDekOlGO6I6dWTC8WokorLaoEhiavV8jvF8r1/Se9yq5y+aqvlsB7IAAAAAAAAAAAAAAAAAAAAAAAAAAAAAAAAALQ8TfDJiPFNpzPi2UQLFPGqzW27QMRai3z7bJIxV8UXojmL0cnoqIqBAXxH8NOacMGfz4zl1CrWu5n0F0gRVpbhCi7d5E5fpzNX3mquyp4KoWpAAAAAAAAAAAAAAAAAAAAAAAAAAAAAAAAAC9nBho2uu/Evg2KSwrNbJK5tZcUVPd9kg+9lRfTmRnJ83oBsdMajWoiJsnonkB+gAADEvtPdZvzRcJ2SQU1R3N3yhzbBScrtncsqKs6+vSFsib+rkAgLXqoAAAAAAAHttEMAk1U1hwvEI2K/7bu9LQv2/RjfK1Hu+SN5l+gGzbSwR0tPHDCxscUbUYxjU2RrUTZET6AfUAAA+VVBHVU8kMzGyRSNVj2OTdHNVNlRfoBrJa34BJpXrDmmISMVn2Jd6qhZv+lGyVyMd8lbyr9QPEgAAAAAAIBPr2Yes353eE7Goaqo7+74w51gq+Z27uWJEWBfXrC6NN/VqgZZgAAH5e1HNVFTdPRfMDXE4ztG10I4ls5xOKFYbZHXOrLciJ7vsk/wB7EievK1/J82KBZQAAAAAAAAAAAAAAAAAAAAAAAAAAAAAAAAALr8N/DTmnE/n8GM4jQq5jOV9fdJ2qlLb4VXbvJXJ9eVqe85U2RPFUCfThl4ZcR4WtOafFsWgWSZ+0tyu07USouE+2yyPVPBE6o1idGp0TdVVVC7oAAAAAAAAAAAAAAAAAAAAAAAAAAAAAAAAAAAHhNZtEcO19wirxXNbNDd7XP7zFd7s1NJts2WGROrHpv0VPii7oqooQm8Y3ZzZzwxVNXfbSyfL9PEcrm3ini++oWqvRtXGn4NvDvG+4vT8KrygYieAAAAAAAAAAAAAAAAAAAAAAAAAAAAAAAAAlY7FHRnkp851SrKf3pFZj9tkc3rsnLNUqm/x7hu6ejkAlQAAAKL0Ahf7ZTWb8r9c7JgFHUc9DidB3tSxruntlSjXuRf3Ymw/LmcBHwAAAAAAABmr2RunX5acXFDeJYe8psXtdVdFc78PeOalPGnz3mVyfuATpImyIBUAAAoqbooEFva5adfkXxcV14ih7umyi10t0Rzfw941q08ifPeFHL++BhUAAAAAAABIP2Nes35Ia53zAKyfkocsoO9pmOd09spkc9qJ+9E6b58rQJoE6gVAAAIru2u0Z54MG1So6fqxX4/cpGt67LzTUyrt8e/buvq1AIqAAAAAAAAAAAAAAAAAAAAAAAAAAAAAAAB4gZd8HPZzZxxO1NJfbsyfENPFcjnXioi++rm79W0ka/j38O8d7idfxKnKBNlozolh2gWEUmK4VZobRa4PeerfemqZNtnSzSL1e9duqr8ETZERED3YAAAAAAAAAAAAAAAAAAAAAAAAAAAAAAAAAAAAAB85oI6iJ8UrGyRvarXMem6OReioqeaAR/cWHZK4dqk6syLS6WmwXJ5N5H2tzV+yqp3wa1FWnVfViKz9hN1UCJzWTQPPdAckdZM7xqssNWqr3MsreaCpan6UMrd2SJ+6q7eeygW/AAAAAAAAAAAAAAAAAAAAAAAAAAAAA/UbHSPa1rVc5V2RqJuqr6AbIXCBo43QfhywbD3wpDcKWgbPcE26rVzfez7+uz3q1Pg1ALyAAAHV5PkNDiOOXS+XSZKe22yllraqZfBkUbFe9fo1qgazGreolfq3qdlOZ3JXe2Xy4z172qu/do96q1ifBreVqfBqAeSAAAAAAAAl47EzTn7P081BziaHZ90uUFpp3u8eSnjWR+3wV07U/g+AEmAAAAAARn9tppz9oaeafZxDDu+13Ke01D2+PJURpIzf4I6Byfx/ECIcAAAAAAAD1ukmolfpJqdi2Z21Xe2WO4wV7GtXbvEY9Fcxfg5vM1fg5QNmfGMhoctxy13y1zJUW250sVbSzJ4PikYj2L9WuQDtAAACzXGBo4mvHDlnOHxwpNcKqgdUW9NuqVcP3sO3pu9iNX4OUDW+kY6N7muarXIuytVNlRfQD8gAAAAAAAAAAAAAAAAAAAAAAAAAAAAe/0c0Fz3X3JG2PBMarL9WIqd9JC3lgpmr+lNK7ZkafFypv5bqBLHwn9krh+lr6PItUZabOcnj2kZa2tVbVSO+LXIi1Cp6vRGfsLsigSBQQR00TIomNjjY1GtYxNkaidERE8kA+gAAAAAAAAAAAAAAAAAAAAAAAAAAAAAAAAAAAAAAAAAPP5xgGOalY7U2HKbJQZBZ6lPvaK4wNmjVfJdlTo5PJybKnkoEc/EX2NFmvLqq76P377BqV3emPXx75aVV/ViqERZI/k9H9V/EiARr6ycOWpGgN1WhzvErhYd3qyKrkj7ylnX/o52bxv+SO3TzRALb+AAAAAAAAAAAAAAAAAAAAAAAAAAAZGdn1o0mtvFZhVpqIEntNsn+2rijk3b3FNs9GuT0fJ3TP4wNhtqbIBUAAAwq7WXWX82fC3W2Gln7q65jVMtMaNXZyUyfeVDvkrWtjX+tAgs8QAAAAAAACeIGw32emnP5s+EDTi3yQrFV11B9sVHMmzlfVOWZN/ijHsb/CBkaAAAAAGOXaF6c/nM4QNR7fHCstXQ0H2xT8qbuR9K5Jl2+KsY9v8QGvIviAAAAAAAA8AJ1Oya1l/OZwt0Vhqp+9uuHVT7TIjl3ctMv3lO75I1zo0/qgM1AAACjk3QDXk7QTRtNEuKzNbRTwJBablUfbVuRqbN7ip3erWp6Mk71n8AGOYAAAAAAAAAAAAAAAAAAAAAAAAAAXH0c4dNR9fbslBgmJXC/qjkZLVRR8lLAv/STv2jZ8lduvkigST8OnYz2ezupbvrDfvtypTZ649Y3uipU/ZlqFRJH/ABRiM6p+JUAkZwbT/G9NMdprDitjoMfs9On3dFb4Gwxovm5UTxcvm5d1XzVQPQgAAAAAAAAAAAAAAAAAAAAAAAAAAAAAAAAAAAAAAAAAAAAADgXqxW7I7ZUW260FLc7dUN5JqSshbNDK30cxyKip80Awu1y7JPR3U9aiuxZtVpxeZN3I60/fULnL5upnrsifCNzE+AEf2tPZU64aVOnqrPaqfUCzx7uSox56uqEb5c1M/aTf4M5/mBiLebHccduU9uutBVWy4QO5ZaSshdDLGvo5jkRUX5oBwgAAAAAAAAAAAAAAAAAAAAAAEvXYsaNfY+A5hqXWQctReqptooHuTqlPB78rm/B0rmt+cIElwAABRV2RVAg+7XnWX84XEvHidJP3tswyibRK1q7t9rl2lnVPiiLExfjGoGDIAAAAAAAHo9N8NqdRNQsZxajR3tV7uVNbo+VN1R0srY0X6c2/0A2ebPa6ax2qjt1HGkNJSQsp4Y08GsY1GtT+SIBzAAAAAA4d4tdNfLVWW6sjSakq4X080a+DmParXJ/JVA1htSMNqdO9QsmxasR3tVkuVTbpOZNlV0Uro1X68u/1A84AAAAAAABnN2Q2sv5veJaTE6ufurZmdE6iRrl2b7XFvLAq/FUSVifGRAJwUXdNwKgAAEaHbUaNfbGB4dqZRwb1FmqXWive1Oq083vwud8GyNc35zARDAAAAAAAAAAAAAAAAAAAAAAAObZ7JcMguMFvtdDU3KvndyxUtJC6WWRfRrGoqqvyQDLjRbsrNcdVlp6q7WiDALPJsq1ORPVlQrfPlpmbyb/B6MT4gSA6Gdkjo9pitPXZWlVqPeY9nKt1+5oWuTzbTMX3k+Ejnp8AM07JYLbjVrp7babfS2u3UzeSGjooWwwxN9GsaiIifJAOeAAAAAAAAAAAAAAAAAAAAAAAAAAAAAAAAAAAAAAAAAAAAAAAAAAAoqIoHi9SdFsF1gt3sWaYlaMmgRvKxblSMlfH+5IqczF+LVRQMMdWuxq0qy5ZqnCb1eMErHbq2nc77Qo2+nuSKkif6xfkBhnqp2R2ueBrNPYKa1Z5QM95HWirSKo5fVYZuTr8GOcBidnOl2YaZV60WW4vd8aqt1akV1oZKdXfu86Iip8U3A8vsAAAAAAAAAAAAAAAAAAPvQUU9yraekpYnT1M8jYoomJu573Ls1qJ6qqogGyzw56TwaHaH4Xg8DWo+zW2KGoczwkqFTnnf/FK56/UC5AAAB5zUbOLfppgWQ5ZdX8luslBPcJ132VWRMV6onxXbZPiqAayucZdcM/zK+5NdpVmud4rpq+peqqu8kr1e76buA6QAAAAAAADLvsrtOvy+4xcZqZIllpMdpqm9TJt0RWM7uJfpLLGv0AnsamyIgFQAAAAAo5N0VAIE+1R06/IHjFyapjiWKkyKmpr1Cm3RVezu5V+ssUi/UDEQAAAAAAADu8Hy64YBmViya0yrDc7PXQ19M9FVNpIno9v03aBs1ac5vb9SsDx7K7U/nt17oILhAu+6oyViPRF+Kb7L8UUD0YAABbbiO0mg1y0OzTB5mtV94tssNO5/hHUonPA/wDhlaxfoBrT19FPba2opKqJ0FTBI6KWJ6bOY9q7OaqeqKioB8AAAAAAAAAAAAAAAAABsB6bCNMcu1LuCUOJ4xd8lq90RYrVRSVKt+fIi7J8V2Ayx0r7JDXTPVhnvtJa8EoH+8rrxVpJUcvwhh513+D1aBmXpL2NOlmJLDU5vfbxndW3ZX07F+zqN3r7karIv+sT5AZn6a6J4Ho9bvYsKxK0YzAreV626kZHJIn7cm3O9fi5VUD2yIiAVAAAAAAAAAAAAAAAAAAAAAAAAAAAAAAAAAAAAAAAAAAAAAAAAAAAAAAAAAoqIvim4HDu1loL9QS0Vyoqe4UUqbSU1XE2WN6eitciov8AIDHTUns5OH7U1ZZarT+islbIqr7Xj0j7e5qr58kapGq/NigYs6i9iRYqnvZsG1Hr7cqKqspL/RMqWr8O9iWNU/sKBjHqB2Smv+GLK+2Wq0ZjTs689luTGvVv9XOkbt/gm4GN+d6A6k6YvkTK8DyKwRs8Zq62zRxL8pOXlX6KB4HZfn8gAAAAAAAAAAAAAZH9ndpzHqZxhadUFRE2WioK113nRybptSxumbunosjI0+oGww1NkT1AqAAAYE9sLrN+QnDtQ4XST93csxr0hkY12zvY6dWyyr9XrA34o5QITfEAAAAAAAABK92I2nXd2vUnO5o1VZpqayUsm3gjUWaZN/44P5ASlAAAAAAAARa9tzp13lr02zuGNUWGapslVJt4o5EmhTf+Cf8AmBFCAAAAAAAA8AJsux61m/Lvh2rsLq5+8uWHV6wxsc7d3sdQrpYl+j0nb8EagGewAABRybovqBrz9ohpzHpnxhai2+niSKirq1t3gRqbJy1UbZnbJ6JI+RPoBjgAAAAAAAAAAAADZfl8wPd4JoNqPqc+NMUwXIcgY/wmoLbNJEnzkRvKifFVAyR0/wCyX4gM0WJ9ytFpw6nf17y93JivRv8AVwJI5F+C7AZOaddiPZafups61Hrq/dUV9Hj9CynRPgk0qvVf7CAZTabdm/w/aZrFLTYBSX2tjVF9qyKR9wc5U8+7kXu0X5MQDIyz2O34/QRUNroaa3UUSbR01JC2KNifBrUREA5qIieCbAVAAAAAAAAAAAAAAAAAAAAAAAAAAAAAAAAAAAAAAAAAAAAAAAAAAAAAAAAAAAAAAAAAUVEXxA/Lo2uaqKm6Km2y+AFs854YdJdSkkdkunOM3ad+/NUzWyJs/wDrWoj0/mBj9mvZI8PuVrK632i84pI/deaz3V7mov7s6Sp9E2AsLmfYg0MiPkxTVGog2/DT3m1Nl3+ckUjf/gAsZmHY565WBz3WirxjJov0G0lwfBKvzbNG1qf2gLKZZwCcQeF94tfpVf6hrN93WuJlem3r9w54FnMjwLJsOkWO/Y9dbJInRWXGhlp1T6PagHRKmwBUVPFNgAAAAAz87F+ysr+J7Ia56brQ4tUOZv5OfU07N/5K7+YE1YFQAFF6IBBb2uGpVTmnFtcLCsqrQYrbqa3Qxp+HnkjSold81WZrV/cQDCoAAAAAAAAnVQNhXs8tGqrRHhTw60XKnWlvNxY+818Lk2cyWoXnaxyeTmxJE1U9WqBkmAAAAAAABjZ2h2jVVrdwpZjaLbAtTebcxl6oImpu58tOvO5jU83OiWVqJ6uQDXqXooAAAAAAAADNXsj9S6nC+La32FJVSgyu31NumjX8PPHGtRE75osLmp++oE6SdUAqAAooEKnbQWVlBxPY7XMREWuxanc/bzcypqGb/wAkb/IDAMAAAAERV8E3Abb/AP8AsDvMdwXJMvlSOxY/dL1Iq7Iy3UUtQq/RjVAvDifARxBZoka2/SrIIGv22dc4W0DdvXedzAL2Yh2OuumQOY67VGMYxH+m2tuLp5E+TYI3ov8AaAvlhnYg0jOSTK9Up5t/xU1mtKR7fKSWR3/wAX6wnsjuH7FVidcbXe8skZsqreLq9rVX92BIk2+C7gZA4NwuaR6bd27G9OMZtU7NuWpjtkT5/wDWvRX/AN4Fz2xtY1GomzUTZETwRPkB+kRE8AKgAAAAAAAAAAAAAAAAAAAAAAAAAAAAAAAAAAAAAAAAAAAAAAAAAAAAAAAAAAAAAAAAAAAAAAAAAAAApypvvt1A+U9LFVROimjbLE5NnMkTmav0UC3uUcNulOao/wC3dN8Uur39VlqbNTuk/t8nN/eBaXJezN4ccnRzpNOYLdMq795bK+qptvk1snL/AHAWqyTsZ9E7sjnW28ZdY5FXo2GvhnjT6SQqv+0Ba/Iuw+tsqOdYtWKumX9GO42Rkv8ANzJm/wCAFtb/ANifqZSo9bNnWK3FE/ClY2ppXO/lHIn94Fub32RvELat0pbVYb0qf+w3mNu/+tSMDJTsvOFPVzh317yWuz7C6mxWmux6WkirlqqeeJZkqYHtbvFI7qrWvX6AShgAAFFTdFAgx7W3SS5YNxVXDKpKeT7Fy+lgraWp29xZYomQTR7/AKyKxjtvSRoGEwAAAAAACJuBIZ2bPZ83HU/IbTqjqDbX0eD0Ejaq126rZs68StXdj1av/wB3aqIu69JFRETdvMoEzaJsBUAAAAAAACipuBDJ2kvZ83HS/Irrqhp9bX1mD18jqq6W6kZu6zyuXd70an/3dyqq7p0jVVRdm8qgR5qmwAAAAAAAGbHZJaSXLOeKq35THTyfY2IUs9bVVO2zEllifBDHv+s5Xudt6RuAnPRNkQCoAABF32onCpq5xD6941XYDhVVfrTQ49FSS1yVMEESTLUzvczeWRvVGuav1AxqsnZH8Q11VqVVnsdl3/8AbrzE7b/Vc4FxrB2KGp1UjFvOc4pbkXxSkSpqnN/nGxP7wLlY72HtviRrr7qxVVC7+9HbrI2L+TnzO/wAuhjfYy6KWpGvud6y69yebZK6CCNfpHCi/wC0BdTGezK4ccZ5XM07huUyLv3lzuFVU7/NrpOX+4C7eL8NOk+Foz7D01xS1yNXdJaezU6Sf2+Tm/vAuJT0kNJC2KCJkMTejWRtRrU+iAfXlTffZNwKgAAAAAAAAAAAAAAAAAAAAAAAAAAAAAAAAAAAAAAAAAAAAAAAAAAAAAAAAAAAAAAAAAAAAAAAAAAAAAAAAAAAAAAAAAAAUAcqb+CAVAAAAFvdcNB8M4h8GqMUze0tudskd3sUjXck9LKiKjZYZE6sem69fBUVUVFRVQCNzPexGujLnK/C9SqSW3uXeOC/0D2Sxp6LJEqo9fjyN+QHlP8AMm6mf8vcS/s1X/lgP8ybqZ/y9xL+zVf+WA/zJupn/L3Ev7NV/wCWA/zJupn/AC9xL+zVf+WBzLZ2JGezVTW3HUXG6WmVfekpaSpnenya5GIv8wMrOH3sodI9HK+mu+Q+0ajX2ByPjfeY2soY3J4ObSt3R3+kc9PggGascTYWNYxqNY1NkaibIiAfsAAAAAAAAAA/EkTJmOY9qOY5Nla5N0VPQDCriC7KHSPWOvqbvj3tGnN9ncr5H2aNr6GRy+LnUrtkb/o3MT4KBilc+xIz2Gqc23ai43VUyL7slVS1MD1+bWo9E/mBxP8AMm6mf8vcS/s1X/lgP8ybqZ/y9xL+zVf+WA/zJupn/L3Ev7NV/wCWA/zJupn/AC9xL+zVf+WB6vA+xGuj7nE/NNSqSK3tXeSCwUD3yyJ6JJKqIxfjyO+QEkeh+g+GcO+DU+KYRaW2y2xu72WRzueeqlVER0s0i9XvXZOvgiIiIiIiIBcIAAAAU5U38EAAVAAAAAAAAAAAAAAAAAAAAAAAAAAAAAAAAAAAAAAAAAAAAAAAAAAAAAAAAAAAAAAAAAAAAAAAAAAAAAAAAAAAAAAAAAAAAAAAAAAAAAAAAAAAAAAAAAAAAAAAAAAAAAAAAAAAAAAAAAAAAAAAAAAAAAAAAAAAAAAAAAAAAAAAAAAAAAAAAAAAAAAAAAAAAAAAAAAAAAAAAAAAAAAAAAAAAAAAAAAAAAAAAAAAAAAAAAAAAAAAAAAAAAAAAAAAAAAAAAAAAAAAAAAAAAAAAAAAAAAAAAAAAAAAAAAAAAAAAAAAAAAAAAAAAAAAAAAAAAAAAAAAAAAAAAAAAAAAAAAAAAAAAAAAAAAAAAAAAAAAAAAAAAAAAAAAAAAAAAAAAAAAAAAAAAAAAAAAAAAAAAAAAAAAAAAAAAAAAAAAAAAAAAAAAAAAAAAAAAAAAAAAAAAAAAAAAAAAAAAAAAAAAAAAAAAAAAAAAAAAAAAAAAAAAAAAAAAAAAAAAAAAAAAAAAAAAAAAAAAAAAAAAAAAAAAAAAAAAAAAAAAAAAAAAAAAAAAAAAAAAAAAAAAAAAAAAAAAAAAAAAAAAAAAAAAAAAAAAAAAAAAAAAAAAAAAAAAAAAAAAAAAAAAAAAAAAAAAAAAAAAAAAAAAAAAAAAAAAAAAAAAAAAAAAAAAAAAAAAAAAAAAAAAAAAAAAAAAAAAAAAAAAAAAAAAAAAAAAAAAAAAAAAAAAAAAAAAAAAAAAAAAAAAAAAAAAAAAAAAAAAAAAAAAAAAAAAAAAAAAAAAAAAAAAAAAAAAAAAAAAAAAAAAAAAAAAAAAAAAAAAAAAAAAAAAAAAAAAAAAAAAAAAAAAAAAAAAAAAAAAAAAAAAAAAAAAAAAAAAAAAAAAAAAAAAAAAAAAAAAAAAAAAAAAAAAAAAAAAAAAAAAAAAAAAAAAAAAAAAAAAAAAAAAAAAAAAAAAAAAAAAAAAAAAAAAAAAAAAAAAAAAAAAAAAAAAAAAAAAAAAAAAAAAAAAAAAAAAAAAAAAAAAAAAAAAAAAAAAAAAAAAAAAAAAAAAAAAAAAAAAAAAAAAAAAAAAAAAAAAAAAAAAAAAAAAAAAAAAAAAAAAAAAAAAAAAAAAAAAAAAAAAAAAAAAAAAAAAAAAAAAAAAAAAAAAAAAAAAAAAAAAAAAAAAAAAAAAAAAAAAAAAAAAAAAAAAAAAAAAAAAAAAAAAAAAAAAAAAAAAAAAAAAAAAAAAAAAAAAAAAAAAAAAAAAAAAAAAAAAAAAAAAAAAAAAAAAAAAAAAAAAAAAAAAAAAAAAAAAAAAAAAAAAAAAAAAAAAAAAAAAAAAAAAAAAAAAAAAAAAAAAAAAAAAAAAAAAAAAAAAAAAAAAAAAAAAAAAAAAAAAAAAAAAAAAAAAAAAAAAAAAAAAAAAAAAAAAAAAAAAAAAAAAAAAAAAAAAAAAAAAAAAAAAAAAAAAAAAAAAAAAAAAAAAAAAAAAAAAAAAAAAAAAAAAAAAAAAAAAAAAAAAAAANYw+w5AAAAAAAAAAAAAAAAAAAAAAAAAAAAAAAAAAAAAAAAAAAAAAAAAAAAAAAAAAAAAAAAAAAAAAAAAAAAAAAAAAAAAAAAAAAAAAAAAAAAAAAAAAAAAAAAAAAAAAAAAAAAAAAAAAAAAAAAAAAAAAAAAAAAAAAAAAAAAAAAAAAAAAAAAAAAAAAAAAAAAAAAAAAAAAAAAAAAAAAAAAAAAAAAAAAAAAAAAAAAAAAAAAAAAAAAAAAAAAAAAAAAAAAAAAAAAAAAAAAAAAAAAAAAAAAAAAAAAAAAAAAAAAAAAAAAAAAAAAAAAAAAAAAAAAAAAAAAAAAAAAAAAAAAAAAAAAAAAAAAAAAAAAAAAAAAAAAAAAAAAAAAAAAAAAAAAAAAAAAAAAAAAAAAAAAAAAAAAAAAAAAAAAAAAAAAAAAAAAAAAAAAAAAAAAAAAAAAAAAAe00XwK36paq4viFzvv5NUt7rWUH2p7L7SkEknux7x87N0V6savvJsjt+u2y5yvGWjrNQ8Jr9Nc8yHFLo3a4WWvmoJ1RNkc6N6t5k+C7bp8FQsu5see8Si5WvujX5icwt+L1N4+1L39kUdddaf2bufs6qniSVaXfndzqxrmbv93fm/Cm3XGOXKbKtqbAABcDQLSj8+OsOMYL9qfYv23UrT+3+z+0dzsxzt+75mc34dtuZPEzllxxtI8df7X9h32427ve+9jqZKfveXl5+Ryt323Xbfbw3NQcAAAA7LGsbumY5BbrHZaKW5Xe4zspaSkgTd8sr12a1Pmq/Iluu6M3qLsuabGLbRrqjrliOnd4qo0kjtk3dzL18ueWeHdUXovKjk3RdlXxPP+tv+M21pbTX7s8tRNEsYqMvoK215zhEMffvvVmmTeKLfZHyROXfb4sV6J5qhvHy45XXqpZp0GL8JH5S8IGT66flX7N9i1vsf2D9nc3fffQR83f8Aepy/0++3dr+Hbfr0t8ms+GjXW2PJ1QAAAAGQ9fwkexcHFu14/Kvn9srVo/yf+ztuTapkg5vaO96/0fNt3fntv03OX6n7+Gl11tjwdUXo0L0xtGWVNDHc7fV3qvucNxnpKCkpZapzYqSmWVytgimhfNJI5FjY1JWI3kcqo/dqJzytg4GtGn1oxmourrZTpbqm0VtLQ1tI1sjG71FO6eP7uSSV8M0fdSxzROkejZG7Ncqbolxtvsq0xsAAAAAAAAAAAAAAAAAAAAAAAAAAAAAAAAAAAAAAAAAAAAAAAAAAAAAAAAAAAAAAAAAAAAAAAAAAAAAAAAAAAAAAAAAAAAAAAAAAAAAAAAAAAAAAAAAAAD60lXNQVUNTTSvgqIXtkjlYuzmORd0VF8lRUAyf46aWHOa3TvWu3xMbR6iWGKau7pNmMulKiQVbE26IiK2P5rzKcfF1vH8Lfy8Lwd6eUWoev2OsvOzcZsfeZDepXpuyOipGrNJz/suVrWL++a8l1j0R7q349YNU3Z9xGawzXBmJ1l9lgt1itsrY6y8Vz95G0zJHIvdwxR8qOfsq7Js3qhndx1hif3X3wSh0J4lb5FgdpwKr0fy65bw2G8Q5BPc6Ooq9l7uCqZOm7UeqcqPj68zm9Nuiy88O7dw6q0uj/D9fdVtXZsFkkjx+S2LUS324VqfdWqmplX2maTr+htttum7lam6b7p0yymM2mlwK7UnhtxCrktFn0au+fUEDu7/KK+5TUW+pq9uivZBTs5I0XxRHcy7Km6b7mNZ3vel6d3wq3HDLrx2aa1WB2e6WCwSViKlvu1Y2qlil9nk50bI1rd2b+G6b+vokz3+ndk9vDa0XPFtYNTKDGtN9K2YfkE95noZFgvdTcHXWeWZrI/dmXaLZyOX3env9ejUN47xm8qV7bMrZoLw03ibDbxiFbrTmlvXub3Xvvk1rtdJVJ/SQUzYE7yTkXdqueqe8i9PJMTnn3LqHUcC6aU6a696cZNlmkNuueIZTi1ItyvGDXKt9ujloGrtJU0dQqI93d7or2vTfZU28kdeWWNky+nv07DSbQ3SzIOE1uo2eXiXGn2/M57fV1lCr5q+40raKKSOipYVd3XeLI9zu8cnutRyuVUTYZZZTPjPwfH24atW9KMW41dP8ltONzYLhNKklDIt2ua1zknkgmiZVyPc1qRorpI+Zqe6zZXIvpM8crhZe6T2vJxudn7q3m+sOS6h4g2LO7Pe5UrGQxVbGVdMzlREjRkioj2NRERvI5VVqJ7qHPx+XGTjelsYZXfINUtIMev2mt4mv+L2e7IxbhjtyifDHLySNe16RyJ7vvMavMzbmRNlVU6Ho1jleUZZ+cI12waxdmbmddqTZa3IsJhvsi3G2W6RY550WakSNGuSSNU2kVjl99vRF8fBfN5N3yzj7anpikmleE8WPEvZsU0Fxy4YXjFXSMWqbenvndSJGrlnqHbzyqqcqsRredN3bJ033O3K4Y7zT3el/cxxvgd4eshlwLJbLk+f5DQu9muV4pKmZWU0yfja7u54WbtXxRjH8u3KqqqKhzl8ufc6XqLWcX/B3i+nun1i1f0ivc2R6XXpzWKk7ueWhe9VRq82yKrFc1zFR6I5j0Rrt1Xpvx+S28cvaWfY7jhj4NcDfoxLrdrxfaixYIr1bbrZSuVktaiOViOcrUV6o5yORrGIjl2V26N8Zn5Ly4Ye1k+189Tr7wS5Hp5kyYZjmV4vllLRSLaVlmqHR1lTttGiq+WdqN3VFXmRnRFRFRdhjPLLNnT31ypJ6/se8XpqaGSoqZr8scUMTVc+R63SdEa1E6qqqqIiIY/5qfHVYvwk6X8Lmh0uoHElQSXvJbvHy2XB6aulppmu2RUa50T2uV/VOdVXkjauyo56ohb5Ms8uOBrXtifZtU7XFLdKV1pdjttqH1vsC2dVqXW2Kqh7meFG1D1dNG6NEROaRrmuRXI7q5F78WXC1J1MbmMTqambPMtRNFU3G61rGMqbnPFEsUcsjGe6xUa56r1e575JHve5XJy2TQt+aAAAAAAAAAAAAAAAAAAAAAAAAAAAAAAAAAAAAAAAAAAAAAAAAAAAAAAAAAAAAAAAAAAAAAAADtKvFr1QWCgvlVaK+mslwfJFR3Kame2mqXsXaRscipyvVq+KIq7eZNz0KUmL3m4WGvvlLaK6pstvfHHWXKGme+mpnyLtG2SRE5WK5UVERVTfboNz0OsKAAAAAq1qvcjWornKuyIibqqgeqyTSXOcOtEN2v+GZDY7XNt3ddcrVPTwP38OV72I1d/LZTMyl6lHlDQAAOysuM3jJEuC2i1V10S3Uj6+sWipnzezUzFRHzScqLyRtVzd3u2RN03XqS2T2OtKAAAAAAfe30FTda+moqKnlq6ypkbDBTwsV75XuVEa1rU6qqqqIiJ6gd7atNcuvuT1mN2vF7zc8hopJIqm1UVBLPVQvY7le18TGq5Fa5Nl3TopNyTex1d+x+6YtdZ7ZerbWWi5QLtNR18D4Jo18dnMciKn1QS79Dub7pVmuLWGnvd6w+/2iy1HL3Nxr7ZPBTy7+HLI5qNXfy2UkylupR8MS05yzPva/yYxe85H7I1H1H2Tb5aruWr4K/u2ryp0XqvoW2T3R0baKofWJSNgldVrJ3SQIxe8V++3Ly+O+/TYo7/LdMswwCGllyjE75jcVV/vd93t01K2bpv7iyNTm+hJlL6o7XGdBtTM1slPece07yy/Wio5u5uFsslTU08vK5Wu5ZGMVq7Oa5F2XoqKnkS5Yzq00803Er47Jn442zXBchZUOpH2lKV/tbZ2qrXRLFtzo9FRUVu26Ki9C7mtjkZdgWTaf10dFlGO3bG6yVneMp7vQy0sj2/rI2RqKqfESy+hzKHSrNbpi8uS0eH3+rxyJHOku8FsnfSMRPFVmRvIm2y79ScpvWxy8S0S1Ez+0/amL4Fk+SWzvHRe22izVFVDzptu3njYqbpum6b79UFyxnujrs001y7Teelgy3Fb3i01U1z6eO9W6ajdM1F2VWJI1vMiKqbqnqWWX1R5woAAAAAAAyo0l/wDXNwW6mYE/76+YFVx5rZ2+L1pFTuq5iejGNXvFTzc5Djl+3OX89L7jrtOv/VFwZ5/mDvub5qDcI8QtbvB7aGLaeukb6seqRxL8UF/dnJ+D4uRkMWkq8FvDy3UGqzWmpXLfnwfkhTUkrHVHtqJL7R38jdnI3u+Tbf3VcZnLnlxXrS3OKXjhcxDKLPfqK56xe2WushroOa3WrbvI3o9u+1Rv4tQ1Z5LNdJ0uFh+e2nU53GVl+JU1VRvvljdX0kFUxrKltHJVtdV86Mc5E6Lu7Zyp18TNmuEq/lhIehlf/gHVG8YOmG67f+knJ1/qZDl5f4VZ7eo4M20SdoHiyXBGpCl+uHKj/Dve6qO68fPvOTb47E8n+Ok9sa8nWvdkt2W68/2mtXN7V3n4u+5159/jzbnWeukZEdnLzLxRWps//wBSutF2S7b/AIPZPYZubn/Z5+78fgcvL/BZ7ces/wDs5bb/APxSn/8A7VGP+T/0fGNh2RefSHjG1g0Oggo8VzWuitMPRlqr+WrpGt/VbHKjkjT9zlX4nPLx45e4u6z90n1ht/aR8PWpGOah4rbqHJsXokqaa8UTFSKOWSOVYpo+ZVdE5HQrzt5lRzV28N0Ty5Y/o5S41r2tRpd/9kDqd/8AvtP/AOroTpl/mifHE7Gz2L89mcd5y/aP5PJ3O/4u69pi7zb4b91/cP8AqP4wxYIZR9o/lNd/tjvPtb2yb2zvfx99zr3nNv582+56Z66ZSBaL95/mjdVPt3f7P+1pfs7vfw7d7R8nLv8A+8c/13PLl/mmmp6V492zf5DPDUtp3TG/YKPvu7/B3/2ezuub9rb2j68w8X+TIvpHSetlL9woav4roR2c2FZpl9vluVtt1yqe6hp4GzStndcZ2sexHKiIrd1Xm3RU2XbrseDPG5eSyNzqMdu1I0pvF1yex612i+VGV6fZJSQR0tQj+eK2qrN2MYng2KRN3tX9dXovVU37eHKa4/Uv5YFHpZAAAAAAAAAAAAAAAAAAAAAAAAAAAAAAAAAAAAAAAAAAAAAAAAAAAAAAAAAAAAAAAAAAAAAAAAADJfR+X86/CRqnp5J97dsRmizqzM8XdyxEguDUXyakTmP2TxXdficcv25zL89L8drluNV1g4ddEtG7Q1rMp1Hurcqronu5d0nelJbGOXx5HM537eSrv1JLvK5X4f0uhXdm9QTVt5xO22zUSHIqCknfBl9yoaePH66pijV6xtYn3scb1arWSK93VUXl2VN8frfel0sHhOi2n2MaNWbUrVq7ZCygySrqaTH7FirIEq6ptO5GT1EksyKxkbXqjOVGq5V+B1uWVy44p/t7zh4050Iy/JNZVdNlN5xy1YLUXm3ur7dTpV0XKsaVD02mRr6iJXxpGvRj+aTfl2bzZzuck/2TS3+m2iuB1+DZZqjml6v9FppbLyljtNLbIIUu11qXtWVkfvK6KFWwo171XmTqqJvt11cruYz2PRP4ZcKy256SZJg99vdZpzmmV02KV8V1jijulpqnSxo+NzmIsT1dFIr2PRu3Tq0nOzcvuGnd0f5m+EbiqxdrKu/ZlNid+qor/NUwQLSQ7I9kKU7URHyS073I57nbI58XuIibE/d5ML/Z1K+us9k1kdgGXZTjmtFTrDpbc1a271VBdZZH08bpEcxKuhkXmplVWp+FNkTpujV2GNx3JZqnbicUujunFPddGMf0ypb1FlGVY7ZJYaespYIaerZVI9sc8z2yuc2qe9WI9qIrETfZyjDLLu5fCvs3hy0Nm1SdozFnGV/nJSqW0JkL6Sn+wXXRF5fZ+6/p0Z3n3Xec34uvLt1HPPXLXRqeniNP+HawWfEcyzfVy6XSy4zjd8XGEt2PxxyV9wuiI5z4I3SfdxtYxquc5yL08E3NXO2yYmvyuzwv4nheWZPq7adHlye6y3jSm8U6WnIYYEqo6p1TSsZG2WJyMkR3RUXlbtunx2552yTl+Vn9LEcQmjli0Hjx/Eqmrr6zU1lM2syWJJY/YLcsrUfDSRojOZ8rWOa57+dWbqiNReqp1wyuXfxL0+fD/opaNSaLMcqy+9VOP4DhtHDV3iroIUmq5XzSd3T08DXKje8keiojne6m3UZ5Wak91I9BadINN9c9RMLw/R24ZXR3i910lLV02Xw00jaaBjO8dUtlgVqORGNkVY+Tf3V97w3nLLGW5L79PT2TQXRbWG63rC9Lcpy6bPKGkqam3VF/p6ZLbfXU7HPkjhbH95Armsc5ivV3ROuykuWWPeU6NR8KPQjSHEuHzS7U7PMgylJcq+0opbDYUp3VFRJT1j4UfE+VqNhjYxredXd4rnSN5Uam45ZXK4z4amnta3hO0QxzUjBcbuma5fWs1KgoKzFWW+lpmy0FNWI1tPJcFf0crpXObyxInRiuVU3RDPPOy2T0uot1w34KzTriKyq73tIq2h0nhuV5q1VNmT1NG5YqZib+Cvqlh2T5/M1nd4yT6k9vK6P6gaz5NW3LBdN7hd33XKbglwrW2TaCsqZU5t3SVLeV7Yk51c5HPRidVXbdVXWUxneR2y6tyWfUbit4aNOsrvdHn+a4lS1iZTfYnpUx1NRG2Wqp6N0q/wBOsHdIxzl33V679VcicO5hllOpV+ra8J2u2b8QPEXe8QzjIbhfcaz+23WmuFqrqh0tLTolLNPG6KNyq2JY3RNRqtRNkN54zHHc+Eu6/WnNdlmY8Jmn9k0XzSkxbJsevFxq8stzL/DZ6mpdJI11LVq+SSNJYmRN5F6r1ROi7dF1M7cofOl37/jlJinFjftQFba67L7RozLnM89Exr6SW9sp+6WojbtsqO37xF26783ic5d4a+b0fVhdAdS8q1x0u4gMRzrILllNthw+pyulfeKp9S6lrqSaJzHxOeqqzm7xUVG7bp0OuWMxuNiTt3eM616Q3rSzSHT2451qNiVytNvlpam6YrKyC20tRU1L5VdUMdtJNyK/3lZsiJ4K7qS45buWou32wbC8k4X7dxY3qouS1GouIU9ttVJfWuVZuW41fLJVsc7dzZHRcjubfmRX+PiS2Z8Z8p628lZMzvmtPA5qu3M7tWZFV4NerPcLPcLpO6oqIfbJZIJoklequ5FRqO5d9t+pqyY5zX1Pj2PC7qHrVl+a2XVLKc7rcV0hxJYIbnWVUvslolpYWo1aGnpGbRyySNby8rGKqOci/i5UXOcwk4yd1ZtYfELzl2q2ur8W0yu15xi25TkUzrda6Gtlgho4ZpnORXMjciIkcXV23kxfQ62THHeSOw4z9WafUzV99ss1dPX4liNLHjtnnqJllfURwe7JUueq++6WTnfzr1VFbv4E8eOp39KsKdUAAAAAAAXm4Q9XrforrvYb5fXf/RWrbLar7GrHSNfQ1DFjlVzWornI3dsnKiKq8myIvgc/Jjyx1FnTu+LfUbDL/UYLg2ml1lvOn+FWf2SjrpaaSnWqq5pFmqp+7ka1zVc5WIu6eLF2VU2Unjlm7l7pXH0Y1nxJdNrnpPqpRXCqwirrUudtu9oRrq6xV3LyOlja/ZJInt2R8e6eCqnvDLG75Y+x2cGj/Dvb5/bK/iCrbrb2LzLbrXhlXFXSt/UR0rkiY74q5yDln/4//Tp5HTXWu36H6412T4da6i4YZO+poJLFfHtWSutU27X01Q5iK3mVmy7oiojmtXZUTZbceWOr7T09pctM+G/L6592setFywK3VDu8/J/IcWqq6po9+qsbPTq5kiJ4Iqqi7bbqq7qZ5Zzqza9PFTZRimhWt2K5Lpbf6/MKOwTU1c6tutD7ClTUMkVZI2x8znNic1Gpuvve870RV1q5Y2ZHp2+tmZYLb9V7Vqbo9f7nSV9dcH3yWzXCh7qWxViSNkRjZUVWTMV6vVu3g1qI7fcYy645F/p7PNK7QfiTvM+aXLMavRfMbi7v73bJrHPdLZU1S/0k9M+BVkjR67uVj2r7zl6+a5nPDrW4dVwbhqnptoDp1k+LaSXO5ZjluU0i2y7ZxX0K0ENPQOVFkpqOncqvTvNkR73qnRE2Tf8AC45ZWXI9enlKnUfHZOCuhwNtx3yuPPpb0+39xJ0o1t7IUl7zl5P6RFTl5ubz226mtXnv+j46fhnyzTTC9T4rlqxjdZlWJ+yTQuoKJrXO716I1sitc9m6NRXr0ciovKqdULnMrP2pGUc+KcAGSS/aDcyzDFWqvN9lRw1ciN/Z3WmmX4f0n1OG/NPjXTh6qcZ2lmlujV70r4ccZrLZSXyN0N1ye4o5s0zHN5X8nMqyOc5qq3mdyoxFXlbuqKlx8eWWXLOm/wAPH8FvFth+l+D5bpRqvZ6i8abZM90z30rVe+llcxrH8zUVHK1yMjVHMXmY5iKiLvumvJhcrMsfaSvOVWsuC8MXFBbMv4f6243zFKKmYyoZeXPalckiL7RAnNEx7WIisRFc1VR7ObdybF43PHWZ6vS/OY5ZwO8QmQS55k90yfAsjrne0XK0UlNMjKqb9Nzu6gmZu5fFzHM5vxKiKqqc5PLhNTteqtXxfcYuM6iafWLSHSOxzY1pdZXNevft5Ja57N1Z7u6qjEc5z1V6q57lRztlTrvx+Oy8svaW/I7jhk4ycEZovPojrvY6m+YJzK63XOkar5qHdyvRrkaqPRGuVXNexVcm6t2VvhM/HeXPD2svyvlqZYOCbGdO8mdhmS5bleW1VFI20tnhqGso6nbeNV54YGq3fZHcyv6KqoirsJfLbNnTj3biBwGp7NSy6VRX7mz2nujqiW0+x1Ccsa10su/e933S+49q7I/frt49Bxv6vL4m+nccFXFvhFo0ryjRXXGqeunVfTyOt9W+nlqFpXOdu+BGxMe9E5l71jkT3Htcu/VNp5PHdzLD2svysPM+s9ksGZ3i341fmZPYIKhzaG7Mp5af2mHxa5Y5Gtc12y7Kip4ouyqmyr6Juztl0BQAAAAAAAAAAAAAAAAAAAAAAAAAAAAAAAAAAAAAAAAAAAAAAAAAAAAAAAAAAAAAAAAAAAAAAAAXN4btWqbRTWCy5LcqWa4WFElorvQ06Ir6mhnjdFOxGuVEcvK9VRFVE5mt6p4mM8eU0Tp2mtevsud8Qj9QsZimtNFa6mk/J2lqWt56OmpEY2la5rVVqKndtcqIqpzOd1XxJjjrHjTb2moup/D/AKnXm+ZzcsUzigzW8tmqquxW+tpW2ha+RF5pmzuRZmsWRVk5OReq7b7dDMxzx630vTq8I1q0+yfRizaaatWnIX0ON1dTV4/fcVfAtXStqHI+enkimVGPjc9Efujkci/DxtxymXLEcnTbXDTDSrVG/rZcXySXTjIcXqcVusdZXQvussc6tWSqZs1ImP3YzaPq1OVfe6i45ZTu9m3ywjWbTe14pmGlmSWvJbtpVcrw29WevpnU8V6ttUxixNmViqsL1fEvI5nMidOi7i45bmU9juf8pnCcTu+keOYVY73Rab4XldNlVwmub4ZbrdqpssavlcxipExWxRqxjEdt16u8ycLd2+6bWwr9QcPv3ENf8yyPHa7IsOut7r7hLaPa/Y6l8M8kjmbyM5uV7OdrtkVUVW7b7Lub1Zjqe0+rnfnq0Z0owTO7fpPZ83q7/mNpfYqmfMJ6RKaho5HNdJ3bIOssi8qIjncvL4p5o7HHLKzl8Xp1GecQuMZdimld/oqK92bVrAaG22imnYsMtpqaaie50Ey7qkjZUXl3aiK1evUswstnym3sm8R2h8OqTtZosIyr85S1S3dMfdV0/wBgtuirze0d7/TqzvF73u+X8XTm2M8M9cd9G57eJ084icfu+H5lg+rtrut6xnJL2uTpccfkjjuFvuiorXzxtk+7e17HK1WuVNk8FNXC7lxN/l2uJ6zaO6Wfl5RYbZsxfTZBgt0xv7RvMlM+eesqZIHROfDG5rIYWJE9FVrpHLzJ06EuOWWt/k3HQZtrHhOsOKaXflvS35mXY7NFZ77dLVHA5bnY2ORY3tfI/wD33GzmY3nYrXdFc7psWY3G3Q+WkWtmIaa3fUbFa+y3bIdIsyT2OekkmjhusUMM7pKKoRyIsffx77q38Cqq+RcsbdX7B2Nn1h0z0LzrEMs0fteV11+s9xWrqK7MJ6eNktOsbo30rYafmREe17kWRX7p5N69JxyylmR69PRWXXnRfSC6XvM9LcWy2DPK+kqaW3U9+qKZbbYlqGOZJJC6P7yZWte5rOdG9F67qTjll1lejcWz1L1bs+ZaDaN4TRU1dFdcNiu7LhNURsSCVaqs7+PulR6uds3o7ma3ZfDdOpqY2ZW/lHsch4jMbu2s3D/l0NFdW23T6zY3brpE+KJJppLfKj51gRJNnNcie5zKxV80aSYXjlPztdvjm2tWM12m+raWKapZkOomaurqimqIFa+CzxSSVELXOTdnO+eVvM1rnbdym/kJjdzfyDteHfXHTTT3Q/L8QyOozbH8jyK5MWqvuG0tI+WW2siRG0iyTTMcxrpFkc5Gp7yI1FVUVUJnjlcpYSult+o2lOimZYlm+kVVnNflFlusdTJTZbSUcFJLTI16SsR0Er38zt0b4bcrnLvuiF1llLMjr49nDxD6J6ZVuW5jpfimX0uoF/oqqjpYr7UU32bYlqUVJpKZYvvJFajnNZzomyL13M8M7qZXo3Fq9G7jodabT7bqVbM2vN+pqxZobdY5aWK3VcCNZyRTPevesVXI/mczf3VRE2VNzeXP/tOnq7LxjXX/ACmbpqlfrLBcrXeKea0XDG4pO7hW1SRdz7KxyJ05GIxUXZN3N3VOqkvjnHjDfbmXnW3SXTjTDNMa0dsuXfa+ZQsobjeMulpkdR0KPR76enbBvzc6oiOc/bongTjlbLl8Ovjr9P8AMuHClsuM1+W4VmqZPZompVUVnr6d9tvUrHK5HzOl2khR2+zmx7psibdepbM/lOnY49xgRX3VrVG+ai2Ka74lqTTLR3q12udI56VjFatLJTuemyyQoxqN5ui9VUl8epJj8Nur1K1q09tGi8+l+klpyKns91ucd1vl6yqSBK2sdE1UhgbHAqsbExVV2+6qrvQsxy5csj/S5Gs2tvDrrNLZaWquOrdkxqx0UNDacct1ttiUVExjEa5zWrU9XvVFc57t3Kq7b7IiGMcc8fwu4tlgOrun2iVz1MuuDx5NWXi4WlLRiVdeaanjloUna1tbUTLHKvJKjedsXIjujveVDdxyy1tFgTqgAAAAAAAAAAAAAAAAAAAAAAAAAAAAAAAAAAAAAAAAAAAAAAAAAAAAAAAAAAAAAAAAAAAAAAAAAAAAAAAAAAAAAAAAAAAAAAAAAAAAAAAAAAAAAAAAAAAAAAAAAAAAAAAAAAAAAAAAAAAAAAAAAAAAAAAAAAAAAAAAAAAAAAAAAAAAAAAAAAAAAAAAAAAAAAAAAAAAAAAAAAAAAAAAAAAAAAAAAAAAAAAAAAAAAAAAAAAAAAAAAAAAAAAAAAAAAAAAAAAAAAAAAAAAAAAAAAAAAAAAAAAAAAAAAAAAAAAAAAAAAAAAAAAAAAAAAAAAAAAAAAAAAAAAAAAAAAAAAAAAAAAAAAAAAAAAAAAAAAAAAAAAAAAAAAAAAAAAAAAAAAAAAAAAAAAAAAAAAAAAAAAAAAAAAAAAAAAAAAAAAAAAAAAAAAAAAAAAAAAAD//Z');
INSERT INTO `images` (`id`, `profileid`, `image`) VALUES
(3, 20, 'data:image/png;base64,iVBORw0KGgoAAAANSUhEUgAAAOEAAADhCAMAAAAJbSJIAAABfVBMVEWQ36r////m6e7/0FsySl7/cFjxVD+J3aX5tUyR4auH3aSU5a0xSF3/z1b/blbk6O0qPVnr6vLxUDotQlv1iHn/01qI4K7l7vSw6ML/aE31/PcrP1rt+vHQ8dqq5r3b9OPE7dGg47by9fa56sknOFchQF3/zU2M2adain3/Zkuh47bX5+Lc1Xj19/jyRitrpYuEzKA/X2jvwb7M5tlHa23yuVT7vlHp3N5jl4R5u5bS1oDC5dHd8OWGz6Kh3aDs02vR5t1vq4730WE5VWPvbl/wQCS22pPowVztzc30qqL4l4n9emX78NLytrBVgXj7hXT89uTzr6j94Z376r3+3Iv813j668L62H/45a3/8O783Nf+zsj2oJXrr6z8lYXreGXvYlj22mvWxGu7tW+doG1tgG0lXGxac2qQonams3l6kXOnlF3OrlxiaF5FV2C5ol7EwXUfLFONlG2op21BU16Ael3ewmrW1n3E2Iqp2pVVYF4ALFu5wHuvml2CnXqP7KsEAAATJElEQVR4nL2diX8Tx9nHRwdZr7RCMmItIfmSJdnGNviIQiR8YTkhEBJDyFlKaTEJaWj7vjnapmnzvn97Z0Yr7TWz+8zMs/l9PvkEhHZ3vnqueWYvkstcrdbRytJqt7nc6XQIE/3/crO7urRy1Gplf3iS5c5bR0vdDrFKFhUhNvFF/8w+LFmk0106ypQzK8LWyuoWRwtyiWRz0K3VlawwsyBsLTUJgC0kZuXmUhaU6IQr3Q71PT1ZpU53BXtAuIQrTR5xBqLbN3EhEQkZnhGdT4kJiUW42LVx8DxIu7uINDIcwiX92JMyljpLKGNDIGytKuZNoGgdWUVIrsaEi9Dooz+CzaUASSPS2FkNCRebJQCbbZfLZbJxvLc32ts7Pt6gfwVzlpYNGY0IF5fTzUdpyN7uxeDcqbdrE/Xa55ujYyiiKaMBYWs51X7UeHvDQbtWrztURSqnXhvs7tlwG04YDeJRn7Cb7p/ljd3zWn2CVpzw1YcbZRaMZf5fGRqVpe5vTrhE0hzULm9s1ts+HQOsDQmNyLJ9PDrb3R0Oh2ejvY0yCNOydWuHHuFiJzUAbXvYrof4irXBRpmMdi/O2+1au87E/lC82D2GQFodvXDUIuyWUgdUHp2H7Uc99Gxjd+CEvNb7h9r+LimnItp6rqpBuJLqoNRDh70IR9HZHPRidD4kjc90MxKN+ao6YWIF9GxbvqgJMMR0fg4CJFgNM6oSLiYa0N7gg7QH9QQYGWN7fw9iRtVoVCRcTS4R9q6tDVinU4KzdERSWs2QsJWWQjcu6BDLm20NwPPh5n7vh02Ap1odpfqvQniUdmx7RAnLZz11QIpYHJKNoTMAWJGQo2wIUzyUEZ7RAW4kJZQkRJpr7PJoCCFU8VQ4IWSWfdYuly80gnDK6JwBJ6zWMjphaghywtEPe8c9XUCm2v4xyE0VghFIuJj40/L+j3W4o97mprYJJ3bs7QLNaAPLBoxwJdmAo+H+YDiikHuCQq9sxgFgdsPNCJvggAiXUnIMNeFo/4dzWs3qmmkmZEZnBEMsgdoNCGEa4ARyt9e7KO8jENImaxcREUCYXiW4yqNa+2ITg5B6KqTyE1jVSCcEAlLE3XZ9gENYrF2gIaYSggGpo+4ntg9KaqMhphGCAe3y3mYRDZAjgo6biphCCEkyHt+ghpFIfdFYhCGmpJtkQjAg2Yz19Mbq4WTURMIjIGB5r2g2kxGrtgeb3ZQSW40kwkXg+STaL6EbkMkpwo5PrKQJXBIhcP+01mcCWCzWgdmGJFLI/6kDBNTreEHqAedvpKNDCOgHOeColpEFi9xPjftFKeEqMAg38Kq8QPUh0IiWtCzKCFegaVS/pYfIqW3AxkFKsl5KQtgC7helI0xSHVj3qSRNv4QQmGWIuF1C9FunDjUi6agQQoPQ3usJBvXtOR5hsb0LPZkqCUUhIXQuI45C52/fCbh15ZyD3VQ8txESQndpE1Eidf49xkw/0LkbE5SwCb36xx6J8ozzd3fnNV4oggsG9dMmjBBaKKiTDkW2ooTu9300RGcfTCgsGQJCuFOUhYsWlLDgfgdABP4IbXA2JSI/jX/UhV+hVhb2vM6/3ULB/TUN0ekDF+ZqI/hvbsXPoMYIF8E+SmdswtNozt8oYcH9/nVSunH6569+6oMI60OFi29KsUYqRgic6jLxCU08m9b/wQgL7ummzIxOvT945brcTZ3i9GIiKSG4h2JjigNF/r6kcBUlS6XOIBaL/b9wQuap+wJGx+n3v7l0XffrPtf569fn7P/SVR6VVEP9NLqmESVUuRrLHrWd4kZsZP2/eoQF9+V3g9DQHWq9/rc/nbr0G+PX33z96vL05dh1xy9Pv//uzUAKqUJI7GRChTTDbdjbO46VxP64MJPr7vz5otifqvjtj684HhUlc93AF1338k1fWH3aSoTRZBMmbCmkGX668Kx8Fs02PJUGGd2Xl69+onp1+c9xECom1z19Iwrd9obajQ2tBMKmyp5optksx4v+LAzDmIls/vd+jVdJR6kgUjXlhCqVgon+tvG5d/8DAIqccSdWZAbgLthTuGKECJfV9sQUm9ZMqqERYniP9WFPzUsJWZYRqpqQE0YnJv3/NSMsVO6GY7E96inUaK6QEYOEGiYk5fPIFYjnhoAFNqcN7rFGekq5lGlZTKhjwhihsQkZYsjze2XYVURBBY0YIFRLpGJCBBOyKW3AiI5TBq9j+GqKCFtad71ECDFMGDaic15WTTQkVBN9QujqU4QwlGmc/8EADEWiM1C7rt8jXBUQ6t24FK4W/pTUTKd+3VfqLAKIcUKVpiJIGKz4kQmbvlx/rwrLNCHCpRhhR+/mrNCsDcuEBdpZTffZPtMamN2JEmqVCsI7KN+EhtOZgC5nhCqLiUHNCsaUUKltChIGTlygmbBQeDmd1ziORiZlmjVRU0LtGyT91Si0KKRypylarcEPIYYJUy4+TCKcJVOcWugRfuOFt8K5pyjhSohQaz7DZU9TjeOg8VHCN3WjRMPUDBHq38U7C0RviQ2JcJpMe4q9YUBWkFDfSambetUZMc9QQm8tVT8MZ25KDJ2U3V4xcag+Hp9PqFnvJ2oGCE1uNffcFDOTUsJXfaNqyGX5hAZOurBw8gtvL1DDcEpIG4sFA8KVGaFuuaeA/ypU3D/3kWvFzEv7f3F3DAi7M0LodQlxwLsVtnbEJiCoiWZG+EGhMtZH7EwJ1daBg/qlwofDco3ZImKMkFcLPtGtnGo7aqnlEWo2TtSEp5Ph/EyNiEz4Y39WgCr3dQl5C0VMasVJxRsPNSJ1KExCNqdhJ5OZdrSN2PQIdbcn96eENBKRbcjmpf3/887h6OfTCaHeEhRhibQyHdD/95EJ6XzeKXp/qWgTsgUpYlANfcLCy9e4uXTsODMTFiraVZ9VRGJQDQOE7q//Qa2Hp31qwukOK7qAvCJSwi3tn+j+jLDgDgUn1bTlXvaDUwhtL7W3OKH+lO3EJyy8fIPbWgQWffQLIpuaEoN6TxaCgxoLRqpN+KbuZ67KXX1CWvOJ0bR7B5EqRPht4Exy5RftAbJUQzRX8yeEgUBE1Xha7Ln0AdnqPjHqfkk2gIXL//jVtfKzQQNFZzVEd7Gba+HnTIzofh1IzJUTA0C7QwkNtqfKhvDHgI/qz0q5ckR7zsaVkREDMjIhm7cR3RMWU2UNaGjC0iIxWUgkGabTqYxGx8oF0W5/p4g7WSJWfjEzIW2CjQkJwZzMRAH/ZQjICA0KfuaIpkHICFdJ1xiQImbjqAiAhPIZTWmmOs0C0WTG7atJ9LvDgBbuVrAZK4X7GID2MtFeDQ5p4WSnUsGjpLu6SzAACeXDIaSM9v27OzjeunP68/0FHD5MQnaSZmEBIa3S8EPDIwSRjwtlhoM7JGx56/wmJjQu8hnrxNSIBstOv434+TYTE5o1S7+FzJINTpUPCznXGPqpwUkYiTCrhScTP83ARzMgNMinWeTRDs68NCxtP80gj9pbOL1FWNp1H38orLfA6A+j0gtF4xULoboYPX5cCxpT8GwmM7THN1+nEUk922RRCQnSSpRIC/9UtiFKwxsTJTRcLxXLPpl7R21uM557JxvCFeM1b6EWLufUEMdzc3MnWbysprRoeN5CooU7c0qIDHDO6CyaTFbL9NyTWCeVORVEDngHf07KZHj+UCJ2GQob9BwI0f2AA2bSOPHzh1lMalit4IiAi93G70wAsymITbPz+DJNrtG4wxHTzHg6BcRZ4o6In8fPoFx4U2+O+E6iGcfcQ+cmf3mZAeGK2fU0Ms1m3nPJCWfsG5BJ/+ouqfj1NEYX6gsVuN7tzpzcVT2+GWAWhJbhdW0SBVuLCSL11Sjk+IMJ35z/EX4y9a5r079SX6LwaWGPkUFOdTrD8w1YMLv4SSzv2kTsVFNafRrunaaMlHKi2d/vhL63/tEW8lC860uR5210r19Fu0OfMaA7kS8V1p9g+5N3jTDuvI3dnfrRejyv3AlT3onxUS81urlFKNNr9QXiNwC0BIQeJpf4HyufsRtAthAHM7tWH7MJnjxz40uddZr1j9immDEzu98CseZ7d1CL3DRdkzsiEWeRs3tm9O97imnLu734c3Ujrn8x2RTx957d94QX3rMXozxRNmLlc29TrcfkiEfj37uGVhH9p1E8VUWkpcIT3mj8+w+xpqb+oxpyOcWriNY/nW2JlmsC95Bi1Yvgw+BaSoTrn/lbotXn4H3AOI5hh97DoBKKlS8DG0KfBp+m0L3cCG5qWdbyYehBaXDEMGDuqEtKCO/BDt2Pb+qmlkW69/Lz8+Hn+T0BXiQVclGqtfn57cNly/Rd9OFnKpi4qVXqHG7Pz+fz+WrksehPQOlm/Wl4q9wa3dX8fPXtpm0CGXkuhrabWlbnsMrxBIS53GepnlqZVvowIYecv9cl2u4aebaJXtGnP/Hq9hRPSJj7dD3ZjOvjJ7Ft1mY7zM/n327qxWTs+TQapy9o7AXxxIS51ucJZqysfxXfIkjI3fVwS8NbY88YUl36trl35sMSEeZyX0gTzvrncQNGCTnkdleVMf6cKLUWilaGe/NRPirJG22eCl11vRCLQDEh99ZDtYgUPOtLIddYFnXP+CjkhLknn8UY1ysiB5URMkO+vaXAKHheG7gvs+zVmHumEcYY110pn4SQO+ty+gvBvUGKnrkHm/Badjz8IISU8WllfZpfxp8mfDEn3X2eMsLsKHxuImReY1ly+zGlvKf30zE1ZGX9y4+Sv5ZwAMq4Bcn6wmdfphcM2+om8uXz28lDZ4Ycf5X6EtjEQ+Tn76W/1lby/NK05rq0JckvUMJnB8+vv/en964/PPidASGNx0M7hVHyDNpkI1rk7TQ+WUHkdM/fe//27WvXrr1F/7t9+/0/Pnwm++qt1MPM57uJ4Sh9jnCSEUvdfDpgvipONQfXr1G4t4KimG99+ED47bX049BwTHJV6bOg5Ua0OqkOOpGA8NmL92+H6WaUt689F/gr6ED5+UOpGROe5y1Lp6VVGJ8gEG81/iTGm+j9h9uxHwV4qPmq7DxOwjPZxTXRIkADxglpSDUe3E4gfIttEwneKvRg1IxCh0t6rr6oibK6YL5oquEfNd6TG/H2Hxpso9DvsgY/mjAak9+NEH+/hW0BUmhAAZ/zcmKSEa81Jt8JuqrK0fL5Zix1pLzfItpiWJ2UGh+Vb461qbfJjTgxIVPVnw2pEcY8NfUdJeH3zJSaanwBQv+jxoHUiIENp4jp1TCCuB0acfp7ZkIVo3SoCjiriMHPZEb0TRhAXFM9YjinAt4VFEg2iiEYHGjoI2kkNtK2BDL6r1GDvO/JX1S34UUioG2BIcRGDJvQM/8tcK0IInZnjifAiX80ee+arVAFo+OMDlNixOimrDCu6RyT5psJIvC9a/zdefaGYhKdHexI4GnUiDFFTZjnfqp1zCki9N15zE9touMtXNsCOzQePL4e1eN3Y1+rLmo5KdOkaghhRB8elfQBaWmLf9Y4uHk1qpsHMRvmt9e0D0utqPAOy9zqtvaRhGp8cuNKVDc+iROaaP4wnkflhLrhIFPj+dUY4dXnuIT5e2IUCaF2PIjVeCwgfIxLGG1RUgg1s7ZMjUcCwkeohJLlhYT3cq9hHj5/VUB4FfUI0oVM+bvVMQ//7s0Y4JUrN+PlQl+SIEwkhPfa6XoQT6U0mT7AO4AsCJMJ8bJN40BIKCiImkoATCLEQ2w8FBI+xCKMr2YBCf023VCND+OJhqaaD5EIpWk0nRALUVQO8QpiNfl8UDIhUs1oCIoFKxcohCmAaYRIiKJiQcsFxq7TAFMJUcqisBziFMRUwHRCBCs2hOWQFURjN00HBBCaIzY+lhB+bEoIAIQQGmdUcTlEKIgQQBChKWLjhSiV0mT6wowQBAgjNEQU9U6c0Kx/SpzJqBIaTuCuSAiv/AaAUEKjTuNdcRjSQDQoF0mTbT1C/cJYfSAuh7Qg6vdP96CACoTaVUPcO3Eb6vZPsByjTKibb0RLiR6h5oIiNASVCTXzjWgp0Us1eguKcA9VJqTBqMHYuC4lvK5BqOKhGoQ6ZmxIigUrF8qE80oeqkOokVOrslRKk6nq71U9UvJQPULlhCPpnTihWkFUN6AeoWo0SnonJrUFRdUINCBUumBC1jtxQpX+CTyLwSBUcVVZ78QJ4f1T8oJaBoRwVxUvJU4EXlCsahrQiBDqquKlRI8QtqBowGdECGWUlkNg/2TEZ0gIY5SHIQ3ErPmMCRljNTkgE8phekE05kMg5IwJY5T3TtyGif1TddGYD4Uwl9g6JpXDxIJY1ZnACIRDmGBIee/EU42sf6quIZiPC4swxwwpgpQtJXqEwgVFhOjzhUiYE0LKlhI9wviCYrWBiJfDJszFIRtJYUgDMURYpc6Jy5cBIdWttUAFkS4leoTv+nTbaLEXVBaETLfW1jilfClxopsPqhPbZULHlBUhF8VsHNy8efPGjRuT6xGn0cdFP6X/dtBYu3Ury0FkSjjR7579/uNPnj9/cf3xo0cc8NGjx9dfPH/4yce/f5Z8mx6K/gvA4b5uDRl7TQAAAABJRU5ErkJggg=='),
(4, 21, 'data:image/png;base64,iVBORw0KGgoAAAANSUhEUgAAAQAAAAEACAMAAABrrFhUAAAACXBIWXMAAAsTAAALEwEAmpwYAAADAFBMVEVHcExPkv9Pkv9Pkv9Pkv9Pkv9Fhv9Pkv9KjP9Ji/9Pkv9Pkv9Pkv9HiP9Pkv9KjP9Pkv9Pkv9Pkv9Nj/9Pkv9Pkv9Pkv9Pkv9Pkv9Pkv8wa/9Pkv9Pkv9KjP9Pkv9Pkv9Pkv9Pkv9Jiv9Pkv9Pkv8wa/9Pkv8wa/8wa/9Pkv9Pkv9Pkv9Pkv9Pkv9Pkv9Pkv9Pkv9Pkv9Pkv8wa/9Pkv9Pkv8wa/8wa/8wa/9Pkv9Fhv8wa/9Pkv8wa/9Pkv8wa/8wa/8wa/8wa/9OkPtPkv8wa/8wa/9Pkv9Pkv8wa/8wa/8wa/8wa/8wa/9Pkv8wa/8wa/9Pkv9Pkv8wa/9Pkv8wa/86eP86d/9Pkv8wa/8lJUb50qD2vY7////zsY350aBNkP/2v5BUS1pLRFb//v750J4vLUr0vI9Gh/+eh3kzbv9Cgf/1upIxbP9jmPP3xJVLjv/4y5v0t5D2vpM0cf/63cPhv5bbx7L10aI5d/8qKUhEhf8oL1f1+P8mJ0o0TYqlv//2z586NU5Kh+wmKU0+Z7f0zp5eUl1IgOErNWFYlvonK1H6+//3xZknJkeSfXTyzZ3xz6U7ev+/vcFEdtE2UpMxRHwuPW+kjXxOj/v3wJT86NZunu48Yq761rlJg+W8rrb0tI8+ff/4zZz4yZnuzqc4WJ06XKTluZrJsa3CpYhMivLtu5Syt8jrxprvypxFev/E1f9Sk/3HwL3W4f/++/eMrf94nv/1y5zYt5IsOWiYrdfpzKmxl4FCc8pgmPZHiv9FedWVgHZQSFgqMVtAbL797NxpXGNAO1G8oYb85M7+9e2fsNN2Z2hIf99Ad/9onPIzSINGe9lwmf+epsqEp//ttotOjvmBn92WpdD4y6WIdXD98OaRsf+Hp+BMjPRGQFSZhHfi6v9CeP/nw5jx9f9OgP/X4/92oep5ougvQHVyn+zKt7P73b2cpsvJq4y9k3r50K6JodirhnRmWmKHbGjg6f/62a751aXPr45Sg/+stcvfrIbVpYO5usTZ5P91S7B5AAAAWHRSTlMA9IIm+9MJ/gEFxemnF2ERS7WHA6TwSG3VNfkxZR90XUIsHL97d9dJX1v5y2mMVvaPsN6NDdzW7KnPRf6T3XhpuTIo9j7Sl37hoMLex8ZPPVHfncXdhfv7TQXv3QAAEPxJREFUeNrknXlMVNcexy8wMMwMAoOgY0AWMSQgChj9w8T4l0n7l0mb/nHm3gFcChSVQdCKC4WyKCBPFlHc44YrKq12iWsr1efytLHGuMSmT/t8SdXYNl3Svrwlb4ZhYJY7986d+z137uj3P8Jdfr/PnOV3fufccxhGYUVFxMemJrxdoDe9Y0jKIzblJRneMekL3p6aGhufEcW8sopKzk6I0RuIiAz6mITs5FeMw4y5qTEmDZEgTVZM6twZr4TzY6bNniXJdxcKs2ZPGxPapT4+30RkypQfH6L1YVKuMY9AlGfMnRRq3k9M1WsJUFp96sTQ8T4uF+u9k0FuXCh4H50ek0MoKScmPVrtbf6cmYSqZs5Rc7+QnKgh1KVJTFZp2Y/PJAopM159NUEXayJapQBoiSlWpy73U94iCuutFPUgiM6eSYKgmdkqqQjjIkmQFDlOBe5HGEkQZYwIdtA3NYcEVTlTgxkeRqcYSNBlSAlaUxCRSVShzODUg7GT84hKlDd5bBDC3kiiIkVOUPrnD9cQVUkTrmghiJhCVKcpCrYEaWFEhQqLVSrJnUhUqkRFEukRWUS1ylKgGkwLIypW2DTarX+Clqha2gSqvcEMI1G9jBQbgomRJAQUSW0GYYIhFPwnWgOlsHBcGAkRhVFJlKRpSMhIk4b3f7yWhJC049H+TyYhpslY/8NJyCkc6X8CCUElvNa/P7QMvEFCVG+A2n8SsoL0Bdna0AWgzQbEfzkkhJUzT3b8H0ZCWmEyxwWTDCTEZZC1wm5GJAl5RcrID0QXkFdABWNftwAIFhDFU+kAt99Zd6h3a207y7J1tW1be7ccvnKpif/Spiv1bZcAnWF8gPnvJLz3mw9trWN5VNf2vP7Quot39vRvt13V39+62Uap1v6fbwBvTQooWx4FbwAv1rezktV8H9EQBrLgHDz/03Solg1IlxBvT5TufyzU/TvfdLABah3EAMnzhhHICPBOLxu4dmMiQonNgA44/72nnpWjwxgrpuiCFAHcP1wny39QCZAYDUyApcA3t7EydQWVKpcwLNKhesD7W1jZuoj6LUw6xSvA123y/We/Vj4kzgBVgHXNAP/rtsMAaDL8HAPqMTE/oPjbtBXYHev9W1OaAnlZ/3OI/x27gQBIil/rnyFJoKazLEZ7oOkhf1ZW5yPe1HoZ5H9HG5RAvh8xMKIFbK1lYWq/CASgEY+IjSrzHxcMD8koOg2AqP+XWax6/44jILJ4JBoQA/a3sWidbcIliYW7wjRA/7+VxasWFw8Krp7RTZf/gnqWhtovoQBM19GNgdaxdNS8WYFoaKz8AtDazKqdwPSxFPOA28+y1NSMqgU+84PRJtnP3s1SVDuoJTRFU4sBmpppAmAvg3pDX7GA/M8At7B0dfY+BECmjw/h5Od/6ygDYOsxRSCZ0lRQPUtdmGkS3omiMbKHgU119AE0Q0bHGr6dWObIfuxhVgFhUmRzePpA2btAbK9VAgBmomSmd0+YLvuhFxXxn22H9IXpXgBiQqEJxPUEMV6pUPnrIWsVAsC2AgDkeKZHc+XPAirlP2TVDMn1ACB/MuSQYgAgRcAjGpwof0HYc+UAbAEA0LqHAqnyn9isHIB2RJJ0PLgGtLIKChEQ693WRMuvAVeUBNCLqAOToH2AMnHwyJx5P7gfACyKrlcSAGTdTIFLNhywJq5XUQCIfiBMBxwHEILPhl4VWFvZhh0PTAU8DT0fyF5ruN7o+7+IRmDqCADEorB2NIAnHLfyK5//RUwSRI7kghDlCR0HlZ7kOK7rFtWsgDMYnIZ4GLoAdHJD2raGf+EIohUkzi1nZqsQQOOAAwD3UyO9EeHsYQCzVAjgAufU0xZqqcFZw9/GadQH4Co3qoZHfJNEkOSw44u6uURtADpKn3KuulDqvWICYnQ6aiiMLgHXOXedeew1IoYYnQpKh6IBdHKeGrjqeQ3EaEdqNEttAH5r8ALAFQ92UACQNfR5nEZlABYOcHw61ogHoImCTApjASw6yfHLPTDGTRNnYwE8kfv7+/Kf49bfggNIw22R4zSMG5Tlf8sAJyCXwBhjdQKsExgFwG3rCNz/W12coP51DQsgBhUIuwLwbK4kBEDlnJhOYgHYg+EkOABu5cLAUiA/ceLCAkhimDiCB8A1DK4JoPgPcIoDIHFMBg0AtuC1RaL7j49xXBAAZDDxdABw3PVFUvI/g+u5oACIh30m7wWAa7jgL4LSRyc5LjgAYmE7JXoDsAXwx37zo0ts7HzKccECMBmTD/MBwN4hDAoXg46WCw0cFzwA+ag4yBcAe3s42OKjT1jTsu0pJ1FgAImMkToA+3D+WOfVa+614drVzmNdnHSBARgZvRIAhtR15vqFJ52PHg0+2Xb9zAAXoMAA9EykYgBsjWIxJ1tgAJHMmwoCQAgM4E3G8HoDMKDGQnYAjb///J97tAHc++/PvzfiACQxqP2C2MZfyyw20QZgf0fZr40oAGEM6EGk5Z7FohQAi+VeC8puFICHZRYlAVjKHqoLwAOn/z4ArC9fWFq6cJtfQ7712+zXlq8XBGApe6AmANbjFkEAK4cHBItWivsvcu3Ii45bMQAgjeBeiyCArpEB0Vei0W/XSPZ/UZcgAMteTCOI6AatZcIAykeHAKJpT7FrR99UZoV0g4hA6EeLMACXHOlCMQBi17q86kdIIIQIhY+KAHAZDa8RAyB2rcurjkJCYcRg6Ij/AEolACgVAXAEMhhCDIfLglMFyiDDYaMCAOg0ghAARkhKTKwKdD0W7tr4u8zHXQpUgURIUlSsEaQSCGEawXxIWvyuGIDirnKh8JYvbC7v4sQA3IWkxRETI1YxAPjBkF2IQCgWMzW2NxgAIKFwPGZyVGwwRAMAZjCUAZoe/0V5AL9ADI9DLZB4qDQATEIkCbdE5sFxJQEcB6VDZuEWSRHrXsUAlO21goyOgZ4kZ7179EgZbQBlR47etcJMTsBsIegq2gCw1qbhlsqGJgD7Utko7esLYGixNJMVSgBWQY3NAn4w4VQ3XQAHocbGAD+Zceo8Vf+Lz0ONTQV+NOVUDd0SUAM1dq7jRCXokYqn6QI4jbQ1Jwq1gYiLTgQQ10u45QTSVj3w6/kRnZPgTaXD/0oJt5xD2ur8fn4e8qHPJHhT4gBQIuGWZ0hb5yE/n3dqg5QaXWIrA5VS/C/egLR1DHIDBWW6AWgnEAndQiOgVlCyTtBoAjCbqIzoO5oAvkNamg7dRme0EVhFcSSAbAJcttFhoKfLng6RMKgAu5WWInUAWgNysZupjerUQSEfDlTv2+jrfxv3VR8QHAqeAprptpkaNhr+t5ATS4uKiqr4/1Vl+9dSxeNgBj8ktq4SAVDNG/uUVIsAWHUbaeV49JaaLuoR8KKvyO4mz4cDxXY0vgrHkHqQNnpsqYmtA7eFisDyIQJeZaBkyP8dihWATPi2uq76n1A4by/pRdUeP3VVta+SQacF8NpWNw6aFflCKDM4VNeLipa7NPgHhoqFj7ZhWN1fQHMhcfittV11U3AMOFTabb93ZVVJcXFJVaXzb8Fx4U0K6VDs5upusYDgmLB4RxGPdgh+UlVzCmpgOoXt9f1vB51V3lXVVcKjgF1Q83i21wccsCApNda31NX9pX0il2MrAN8BC4AjNvwPBhxNwcbl1fuKivZVL98olhQqPo21jfeIDcAhK+7DYmBqqGYD1rZESsfsePSFsEmi87fBpiXTOmjJXS8OYvzvfgE2LJPicZtu+gEyU9r9A9qucfQOW/MkACgD3c/QVvk8bA22n8iodsluB87vghsVS/PARa/cgMy+oMYKN0nozM0U+NvIhh45/vdswFuUQvnQVe+YMOA8+apzFMwRPHQVvWZuuCEIsBrU7KJhTRr1g5d5xoY3AygE3TdP0bBF5OBlfCww3BZKbgl6rHQsGafE4eu89aDnTylTQC8omSF6+DoToaHx3vlrN3326Q0/Efz58m+fbVo7n4YdmghRAEw+Be9XV5jNnxQWvvvXP8Td/2Pnp4WFn5jNFaspMMgX95+JM2Df+eUmm/dm8z8KbQAKC1/2CY79S/peFg7pI/s9FZu+xNpiiPMDADQamr9khdmhzx2OvW+xLKis4p8ZqqpcYLG877ju8+HbVixBFoMUf/xnomGTJMv2LzY79eEIALsWVFb2VR0osadBi0tKDlT1Vdqdt2sYwIcjNy7evwxljz7aLwBMBqYdXOYo+8P62A2Abw0D+Njl1opNGASaDMZPhSMK/35X983m76UB+N7t5or9iIqQ4K//jM4kv+67u282fyANwAcet1fIbwtMOr8BMBNkVoL3Vpg9VSgNQKHXA1a8J7MCTGAkKFxe5TebfQG4IQbghuO6v/A8Ql5TEC7Ff0Y3JfA3rV3MY/xwFXh3pxiAnQ4A/+R7xuIlgVs1RScJABMR6Mq5+avNvBpuBL8VA/AtXyM4otWBtgRhEYxE/b+bs2lJJQrj+GOWJmLdsosoiBRNMxC0UXRAxBeIyF4hupdZCFdwIXORgtxECH0A+wIFLvoEBWXbu2rTokW4kVpdqnWbFndzb9d0zJd5OTNnZo79tkcez//xeTtnVJX3g3m+/85bbTC3J61/L9fbBjuCQGUlGANkVD0v/8mJ0RyEMi/SDnjJdA9C3ahKgyl0/WAbwRb+H0bhzImiEiCMwnjSYMSmwgFgRf1d+W5RfNeNw1AjB46k9B81M+D9MCRCEbUbfLWCKtbRvjr2i+ekuFDSCJtN8P9xWAIe7ZBoXweVIE0D+YLkprlqKwTq4vrrrQCoStsq5PWbADoelCDcjx3I6Oduy01xN8di+o9vmi8p38oYKxwg3IK5VTsAQooL4QEnS6sPZK5F9GevM7I9QECxB0ZCoAG/E5t+7qwkeCDbdwQQ9JfOOGwecPpBE14Ljvx/56ElMHPfpxUc3QvLD0qsKasDFi9oZH0Yl36OfxYkXla69VcuhcVnXpG5goJeMLwOmgnINsNdZfo57klIgrdSWPmQB9nKTXul9KTQHC87D9gDgAGP3PxX5JRylxNk5jKXJ5X6Tja7U6+ctD/9t4U7xeaKcjOhB7CwJP0u+5xyahlZagjm9qV3tgSYkByITjkUajlp+bkakrlTfQagHiT+aifPoXFXktJfukM0l8dxB6olBnZ5xB1zT8/i+v/+QbUmXgiHACuzGApAa88P5f7yyw88ujWxMjALmPHY0S5AJGfCwz55UDo8U2Ws7wWJ3QPYCQxrmAB6TkbVi075F9VblaYKfZJgOAA68MWCIwHaNyRXh+evj+Xy4+v54dVvDYZ6k8DyBXTB69TYAXSiuxM4vaAT/q7TcZEMBxS7zr9+0I3QhPYKqAMddXAiBDrinmw3gx88KQ7g22cC+6Qb9GXBQlwAfAgBywLozvQcaQHQDoG5aTCA0BRpAdAKgakQGMOYhZwW0G4EljEwDOs8KTNAexaYt4KBOIa+keWA70MOMJbkIkn6F5NgOA7KR4p8H+UAM0ilydCfToFJjMYj5suPxEfBPMaDJueBLzgO5pJKmKk/kQLzoU3rB4s0EIGbiZkhP8a4gRQczIrR8lcYB5CEgwkbKT9MmPxGT6QNK4cJehSIJLlsQFP0LSeBXFyUzvUwRrmAcGhWtzDwsaTGftd4GN+K4lcf3Yq7YDB4+5T81CpWH0RXKT8MGDPxBKZc8CXiMzCQhOig5ukgHKRDMLiMgmszuKYyEnyrwU1XI6MGHdsGxYaRakI0zFIbNvhU2JLMNrsme4MSWWO3meQn097hhxTNUMFlNh2ORSJvURH1RSIrsXCaXQ5SDJ0yXPk/NHqQUwRgafgAAAAASUVORK5CYII=');

-- --------------------------------------------------------

--
-- Table structure for table `ola`
--

CREATE TABLE `ola` (
  `q_id` int(15) NOT NULL,
  `user_id` int(15) NOT NULL,
  `heading` varchar(100) NOT NULL,
  `topic` varchar(100) NOT NULL,
  `description` varchar(1000) NOT NULL,
  `city` varchar(100) NOT NULL,
  `likes` int(10) NOT NULL DEFAULT '0'
) ENGINE=InnoDB DEFAULT CHARSET=utf8;

--
-- Dumping data for table `ola`
--

INSERT INTO `ola` (`q_id`, `user_id`, `heading`, `topic`, `description`, `city`, `likes`) VALUES
(2, 15, 'Hello', 'Business', 'Hi i am Shashwat Sanket', 'Chennai', 33),
(4, 15, 'Hello111', 'Constitution', 'Shashwat Sanket', 'Patna', 4),
(5, 15, 'himan chiman ', 'Civil', 'lfjldsjklsdafjkasjfkdsfkladmklfmdsakfmdsklafmklsdamfklsdfmasdfsdafsdfdsfsdfsadfdsfsdafdsafsdafdsfdsafdsfdsfdsfadsfdsafdsfdsfdsfdsfsdfasfdsfdsfsa', 'Luckhnow', 4),
(7, 15, 'Hello1112w1', 'Civil', 'ldfldsjfklmskdlsdkcsklmsklmslkdmklmsdlkdsasa', 'vellore', 3),
(8, 15, 'himan chiman11', 'Accident', 'sdsdsdsdsdsdsdsdsdssdsd      	', 'eewew', 2);

-- --------------------------------------------------------

--
-- Table structure for table `ola_answer`
--

CREATE TABLE `ola_answer` (
  `a_id` int(15) NOT NULL,
  `q_id` int(15) NOT NULL,
  `user_id` int(15) NOT NULL,
  `answer` varchar(1000) NOT NULL,
  `likes` int(11) NOT NULL DEFAULT '0'
) ENGINE=InnoDB DEFAULT CHARSET=utf8;

--
-- Dumping data for table `ola_answer`
--

INSERT INTO `ola_answer` (`a_id`, `q_id`, `user_id`, `answer`, `likes`) VALUES
(1, 2, 15, 'Piyush Kappor', 42),
(2, 4, 15, 'sdsdsdsdsdsdsdd', 5),
(3, 4, 15, 'dsdsdsdsdsdd', 3),
(4, 7, 15, 'sczcccsadcacsaascacacasc', 4),
(5, 7, 15, 'dadadasdasdsadsdsadsad', 4),
(6, 7, 15, 'dasdsddsdasddasdasd', 3);

-- --------------------------------------------------------

--
-- Table structure for table `ques_like_details`
--

CREATE TABLE `ques_like_details` (
  `id` int(11) NOT NULL,
  `q_id` int(11) NOT NULL,
  `user_id` int(11) NOT NULL
) ENGINE=InnoDB DEFAULT CHARSET=utf8;

--
-- Dumping data for table `ques_like_details`
--

INSERT INTO `ques_like_details` (`id`, `q_id`, `user_id`) VALUES
(1, 2, 15),
(6, 4, 15),
(7, 5, 15),
(8, 7, 15),
(9, 8, 15),
(10, 2, 15),
(11, 4, 15),
(12, 5, 15),
(13, 7, 15);

-- --------------------------------------------------------

--
-- Table structure for table `users`
--

CREATE TABLE `users` (
  `id` int(10) NOT NULL,
  `name` varchar(50) NOT NULL,
  `username` varchar(50) NOT NULL,
  `password` varchar(200) NOT NULL,
  `email` varchar(60) NOT NULL,
  `mobileNo` varchar(10) NOT NULL,
  `type` varchar(10) NOT NULL
) ENGINE=InnoDB DEFAULT CHARSET=utf8;

--
-- Dumping data for table `users`
--

INSERT INTO `users` (`id`, `name`, `username`, `password`, `email`, `mobileNo`, `type`) VALUES
(15, 'Shashwat Sanket', 'admin', '$2y$10$thisisshashwatsanket1u4bQ9/MjkEfb8WXCKXR8xTpXELL5DYNu', 'shashwatsanket997@gmail.com', '9162812185', 'Advocate'),
(16, 'Sanket', 'admin211', '$2y$10$thisisshashwatsanket1u4bQ9/MjkEfb8WXCKXR8xTpXELL5DYNu', 'shashwat#sanket997@gmail.com', '8523697412', 'Advocate'),
(17, 'sanket', 'admin65656', '$2y$10$thisisshashwatsanket1u9O6dpc6bu9KSk.g4/4tnUZ55D1mhvrm', 'shaswat.sankey997@gmail.com', '9455041618', 'Advocate'),
(18, 'client ', 'user_name', '$2y$10$thisisshashwatsanket1u9O6dpc6bu9KSk.g4/4tnUZ55D1mhvrm', 'shashwat.sanket78@gmail.com', '8563241452', 'Client'),
(19, 'Jayraj Thakor', 'admin1017', '$2y$10$thisisshashwatsanket1uzJKSW6sh1WgSsRa1JvfqvvCb3Hyascm', 'admin2017@gmail.com', '7896541230', 'Advocate'),
(20, 'Suyash Shrivastav', 'Suyash', '$2y$10$thisisshashwatsanket1uzJKSW6sh1WgSsRa1JvfqvvCb3Hyascm', 'asdf@gmail.com', '7891236540', 'Advocate'),
(21, 'Karrmanya Pande', 'Kamli', '$2y$10$thisisshashwatsanket1uzJKSW6sh1WgSsRa1JvfqvvCb3Hyascm', 'asdf123@gmail.com', '8523697401', 'Advocate');

--
-- Indexes for dumped tables
--

--
-- Indexes for table `ans_like_details`
--
ALTER TABLE `ans_like_details`
  ADD PRIMARY KEY (`id`),
  ADD KEY `ans_like_details_ibfk_1` (`a_id`),
  ADD KEY `ans_like_details_ibfk_2` (`user_id`);

--
-- Indexes for table `biding`
--
ALTER TABLE `biding`
  ADD PRIMARY KEY (`id`),
  ADD KEY `user` (`user_id`);

--
-- Indexes for table `bid_made`
--
ALTER TABLE `bid_made`
  ADD PRIMARY KEY (`id`),
  ADD KEY `bid key` (`bid_id`),
  ADD KEY `user key` (`user_id`);

--
-- Indexes for table `binding_ref_file`
--
ALTER TABLE `binding_ref_file`
  ADD PRIMARY KEY (`id`),
  ADD KEY `bid_key` (`bid_id`);

--
-- Indexes for table `chat_message`
--
ALTER TABLE `chat_message`
  ADD PRIMARY KEY (`id`),
  ADD KEY `user_ky` (`to_user_id`),
  ADD KEY `ree` (`from_user_id`);

--
-- Indexes for table `images`
--
ALTER TABLE `images`
  ADD PRIMARY KEY (`id`);

--
-- Indexes for table `ola`
--
ALTER TABLE `ola`
  ADD PRIMARY KEY (`q_id`),
  ADD KEY `ola_ibfk_1` (`user_id`);

--
-- Indexes for table `ola_answer`
--
ALTER TABLE `ola_answer`
  ADD PRIMARY KEY (`a_id`),
  ADD KEY `ola_answer_ibfk_1` (`q_id`),
  ADD KEY `ola_answer_ibfk_2` (`user_id`);

--
-- Indexes for table `ques_like_details`
--
ALTER TABLE `ques_like_details`
  ADD PRIMARY KEY (`id`),
  ADD KEY `ques_like_details_ibfk_1` (`q_id`),
  ADD KEY `ques_like_details_ibfk_2` (`user_id`);

--
-- Indexes for table `users`
--
ALTER TABLE `users`
  ADD PRIMARY KEY (`id`),
  ADD UNIQUE KEY `email` (`email`,`mobileNo`);

--
-- AUTO_INCREMENT for dumped tables
--

--
-- AUTO_INCREMENT for table `ans_like_details`
--
ALTER TABLE `ans_like_details`
  MODIFY `id` int(11) NOT NULL AUTO_INCREMENT, AUTO_INCREMENT=8;

--
-- AUTO_INCREMENT for table `biding`
--
ALTER TABLE `biding`
  MODIFY `id` int(10) NOT NULL AUTO_INCREMENT, AUTO_INCREMENT=22;

--
-- AUTO_INCREMENT for table `bid_made`
--
ALTER TABLE `bid_made`
  MODIFY `id` int(10) NOT NULL AUTO_INCREMENT, AUTO_INCREMENT=9;

--
-- AUTO_INCREMENT for table `binding_ref_file`
--
ALTER TABLE `binding_ref_file`
  MODIFY `id` int(10) NOT NULL AUTO_INCREMENT, AUTO_INCREMENT=21;

--
-- AUTO_INCREMENT for table `chat_message`
--
ALTER TABLE `chat_message`
  MODIFY `id` int(10) NOT NULL AUTO_INCREMENT;

--
-- AUTO_INCREMENT for table `images`
--
ALTER TABLE `images`
  MODIFY `id` int(10) NOT NULL AUTO_INCREMENT, AUTO_INCREMENT=5;

--
-- AUTO_INCREMENT for table `ola`
--
ALTER TABLE `ola`
  MODIFY `q_id` int(15) NOT NULL AUTO_INCREMENT, AUTO_INCREMENT=12;

--
-- AUTO_INCREMENT for table `ola_answer`
--
ALTER TABLE `ola_answer`
  MODIFY `a_id` int(15) NOT NULL AUTO_INCREMENT, AUTO_INCREMENT=8;

--
-- AUTO_INCREMENT for table `ques_like_details`
--
ALTER TABLE `ques_like_details`
  MODIFY `id` int(11) NOT NULL AUTO_INCREMENT, AUTO_INCREMENT=14;

--
-- AUTO_INCREMENT for table `users`
--
ALTER TABLE `users`
  MODIFY `id` int(10) NOT NULL AUTO_INCREMENT, AUTO_INCREMENT=22;

--
-- Constraints for dumped tables
--

--
-- Constraints for table `ans_like_details`
--
ALTER TABLE `ans_like_details`
  ADD CONSTRAINT `ans_like_details_ibfk_1` FOREIGN KEY (`a_id`) REFERENCES `ola_answer` (`a_id`) ON DELETE CASCADE ON UPDATE CASCADE,
  ADD CONSTRAINT `ans_like_details_ibfk_2` FOREIGN KEY (`user_id`) REFERENCES `users` (`id`) ON DELETE CASCADE ON UPDATE CASCADE;

--
-- Constraints for table `biding`
--
ALTER TABLE `biding`
  ADD CONSTRAINT `user` FOREIGN KEY (`user_id`) REFERENCES `users` (`id`) ON DELETE CASCADE ON UPDATE CASCADE;

--
-- Constraints for table `bid_made`
--
ALTER TABLE `bid_made`
  ADD CONSTRAINT `bid key` FOREIGN KEY (`bid_id`) REFERENCES `biding` (`id`) ON DELETE CASCADE ON UPDATE CASCADE,
  ADD CONSTRAINT `user key` FOREIGN KEY (`user_id`) REFERENCES `users` (`id`) ON DELETE CASCADE ON UPDATE CASCADE;

--
-- Constraints for table `binding_ref_file`
--
ALTER TABLE `binding_ref_file`
  ADD CONSTRAINT `bid_key` FOREIGN KEY (`bid_id`) REFERENCES `biding` (`id`) ON DELETE CASCADE ON UPDATE CASCADE;

--
-- Constraints for table `chat_message`
--
ALTER TABLE `chat_message`
  ADD CONSTRAINT `ree` FOREIGN KEY (`from_user_id`) REFERENCES `users` (`id`) ON DELETE CASCADE ON UPDATE CASCADE,
  ADD CONSTRAINT `user_ky` FOREIGN KEY (`to_user_id`) REFERENCES `users` (`id`) ON DELETE CASCADE ON UPDATE CASCADE;

--
-- Constraints for table `ola`
--
ALTER TABLE `ola`
  ADD CONSTRAINT `ola_ibfk_1` FOREIGN KEY (`user_id`) REFERENCES `users` (`id`) ON DELETE CASCADE ON UPDATE CASCADE;

--
-- Constraints for table `ola_answer`
--
ALTER TABLE `ola_answer`
  ADD CONSTRAINT `ola_answer_ibfk_1` FOREIGN KEY (`q_id`) REFERENCES `ola` (`q_id`) ON DELETE CASCADE ON UPDATE CASCADE,
  ADD CONSTRAINT `ola_answer_ibfk_2` FOREIGN KEY (`user_id`) REFERENCES `users` (`id`) ON DELETE CASCADE ON UPDATE CASCADE;

--
-- Constraints for table `ques_like_details`
--
ALTER TABLE `ques_like_details`
  ADD CONSTRAINT `ques_like_details_ibfk_1` FOREIGN KEY (`q_id`) REFERENCES `ola` (`q_id`) ON DELETE CASCADE ON UPDATE CASCADE,
  ADD CONSTRAINT `ques_like_details_ibfk_2` FOREIGN KEY (`user_id`) REFERENCES `users` (`id`) ON DELETE CASCADE ON UPDATE CASCADE;
COMMIT;

/*!40101 SET CHARACTER_SET_CLIENT=@OLD_CHARACTER_SET_CLIENT */;
/*!40101 SET CHARACTER_SET_RESULTS=@OLD_CHARACTER_SET_RESULTS */;
/*!40101 SET COLLATION_CONNECTION=@OLD_COLLATION_CONNECTION */;
